target,feature,spearman,abs_spearman,n,feature_type,semantic_group
Q1,wLight_w_light_median,-0.22391524214550584,0.22391524214550584,414,actual_behavior,light
Q1,wLight_w_light_zero_count,0.20399487949549588,0.20399487949549588,414,coverage_proxy,light
Q1,mLight_m_light_zero_count,0.19888305588190122,0.19888305588190122,450,coverage_proxy,light
Q1,mLight_m_light_median,-0.1836563621311256,0.1836563621311256,450,actual_behavior,light
Q1,wLight_w_light_q75,-0.15761696548912407,0.15761696548912407,414,actual_behavior,light
Q1,wLight_w_light_q25,-0.15474797825013606,0.15474797825013606,414,actual_behavior,light
Q1,mLight_m_light_nonzero_count,-0.147743175163517,0.147743175163517,450,coverage_proxy,light
Q1,mLight_m_light_q25,-0.12894122462332036,0.12894122462332036,450,actual_behavior,light
Q1,mLight_m_light_q75,-0.12848614476549186,0.12848614476549186,450,actual_behavior,light
Q1,mActivity_m_activity_value_8_count,-0.1256547898406206,0.1256547898406206,450,actual_behavior,activity_code
Q1,mActivity_m_activity_value_8_ratio,-0.1252203388979042,0.1252203388979042,450,actual_behavior,activity_code
Q1,wLight_row_count,0.11942964921988096,0.11942964921988096,414,coverage_proxy,light
Q1,wLight_w_light_nonnull_count,0.11942964921988096,0.11942964921988096,414,coverage_proxy,light
Q1,mActivity_m_activity_value_0_count,0.11581039941967164,0.11581039941967164,450,actual_behavior,activity_code
Q1,wPedo_burned_calories_q75,0.10931738070744092,0.10931738070744092,404,actual_behavior,activity_pedo
Q1,wPedo_step_frequency_q75,0.10856674350302294,0.10856674350302294,404,actual_behavior,activity_pedo
Q1,wPedo_step_q75,0.10856674350302294,0.10856674350302294,404,actual_behavior,activity_pedo
Q1,wPedo_distance_q75,0.10856450618466237,0.10856450618466237,404,actual_behavior,activity_pedo
Q1,wPedo_speed_q75,0.10856450618466237,0.10856450618466237,404,actual_behavior,activity_pedo
Q1,mUsageStats_m_usage_stats_object_len_nonnull_count,0.106389486028678,0.106389486028678,440,coverage_proxy,app_usage
Q1,mUsageStats_m_usage_stats_object_len_nonzero_count,0.106389486028678,0.106389486028678,440,coverage_proxy,app_usage
Q1,mUsageStats_m_usage_stats_object_len_sum,0.106389486028678,0.106389486028678,440,coverage_proxy,app_usage
Q1,mUsageStats_row_count,0.106389486028678,0.106389486028678,440,coverage_proxy,app_usage
Q1,mActivity_m_activity_value_0_ratio,0.10434402996566647,0.10434402996566647,450,actual_behavior,activity_code
Q1,wPedo_burned_calories_nonzero_count,0.08994371255666822,0.08994371255666822,404,coverage_proxy,activity_pedo
Q1,wPedo_distance_nonzero_count,0.08790512513934655,0.08790512513934655,404,coverage_proxy,activity_pedo
Q1,wPedo_speed_nonzero_count,0.08790512513934655,0.08790512513934655,404,coverage_proxy,activity_pedo
Q1,wPedo_step_frequency_nonzero_count,0.08790512513934655,0.08790512513934655,404,coverage_proxy,activity_pedo
Q1,wPedo_step_nonzero_count,0.08790512513934655,0.08790512513934655,404,coverage_proxy,activity_pedo
Q1,wHr_heart_rate_object_len_nonnull_count,0.08694293528277122,0.08694293528277122,391,coverage_proxy,heart_rate
Q1,wHr_heart_rate_object_len_nonzero_count,0.08694293528277122,0.08694293528277122,391,coverage_proxy,heart_rate
Q1,wHr_heart_rate_object_len_sum,0.08694293528277122,0.08694293528277122,391,coverage_proxy,heart_rate
Q1,wHr_row_count,0.08694293528277122,0.08694293528277122,391,coverage_proxy,heart_rate
Q1,wLight_w_light_mean,-0.08262424991411407,0.08262424991411407,414,actual_behavior,light
Q1,mLight_m_light_mean,-0.08086664549370277,0.08086664549370277,450,actual_behavior,light
Q1,wPedo_step_sum,0.0648920595922331,0.0648920595922331,404,actual_behavior,activity_pedo
Q1,wPedo_step_frequency_sum,0.06489205368624548,0.06489205368624548,404,actual_behavior,activity_pedo
Q1,mActivity_m_activity_unique_count,-0.0635554882620218,0.0635554882620218,450,coverage_proxy,activity_code
Q1,mLight_m_light_sum,-0.05920868628172315,0.05920868628172315,450,actual_behavior,light
Q1,wLight_w_light_q99,-0.05564206506108624,0.05564206506108624,414,actual_behavior,light
Q1,wPedo_distance_sum,0.054108537678500844,0.054108537678500844,404,actual_behavior,activity_pedo
Q1,wPedo_speed_sum,0.054108537678500844,0.054108537678500844,404,actual_behavior,activity_pedo
Q1,mLight_m_light_min,-0.046775273164001166,0.046775273164001166,450,actual_behavior,light
Q1,mScreenStatus_m_screen_use_unique_count,0.046775273164001166,0.046775273164001166,450,coverage_proxy,screen
Q1,mScreenStatus_m_screen_use_value_0_count,0.04672066796284423,0.04672066796284423,450,actual_behavior,screen
Q1,wPedo_distance_q99,-0.04534527036909359,0.04534527036909359,404,actual_behavior,activity_pedo
Q1,wPedo_speed_q99,-0.04534527036909359,0.04534527036909359,404,actual_behavior,activity_pedo
Q1,mActivity_m_activity_nonnull_count,0.043224813885836925,0.043224813885836925,450,coverage_proxy,activity_code
Q1,mActivity_row_count,0.043224813885836925,0.043224813885836925,450,coverage_proxy,activity_code
Q1,wPedo_burned_calories_q99,-0.042628794785640835,0.042628794785640835,404,actual_behavior,activity_pedo
Q1,wLight_w_light_q95,-0.041817960099519595,0.041817960099519595,414,actual_behavior,light
Q1,mACStatus_m_charging_value_0_count,0.04090398747029323,0.04090398747029323,450,actual_behavior,charging
Q1,mActivity_m_activity_value_3_ratio,-0.04033941934271565,0.04033941934271565,450,actual_behavior,activity_code
Q1,wPedo_distance_std,-0.03933429592713302,0.03933429592713302,404,actual_behavior,activity_pedo
Q1,wPedo_speed_std,-0.03933429592713302,0.03933429592713302,404,actual_behavior,activity_pedo
Q1,mLight_m_light_nonnull_count,0.03891508584041218,0.03891508584041218,450,coverage_proxy,light
Q1,mLight_row_count,0.03891508584041218,0.03891508584041218,450,coverage_proxy,light
Q1,wPedo_step_frequency_q99,-0.03865823637747486,0.03865823637747486,404,actual_behavior,activity_pedo
Q1,wPedo_step_q99,-0.03865823637747486,0.03865823637747486,404,actual_behavior,activity_pedo
Q1,wLight_w_light_std,-0.0386037958258214,0.0386037958258214,414,actual_behavior,light
Q1,mLight_m_light_q95,-0.03394107390552368,0.03394107390552368,450,actual_behavior,light
Q1,mBle_m_ble_object_len_nonnull_count,0.033779520909060556,0.033779520909060556,416,coverage_proxy,coverage_or_object_proxy
Q1,mBle_m_ble_object_len_nonzero_count,0.033779520909060556,0.033779520909060556,416,coverage_proxy,coverage_or_object_proxy
Q1,mBle_m_ble_object_len_sum,0.033779520909060556,0.033779520909060556,416,coverage_proxy,coverage_or_object_proxy
Q1,mBle_row_count,0.033779520909060556,0.033779520909060556,416,coverage_proxy,coverage_or_object_proxy
Q1,wPedo_burned_calories_sum,0.03211699392215449,0.03211699392215449,404,actual_behavior,activity_pedo
Q1,mScreenStatus_m_screen_use_nonnull_count,0.028401128894030608,0.028401128894030608,450,coverage_proxy,screen
Q1,mScreenStatus_row_count,0.028401128894030608,0.028401128894030608,450,coverage_proxy,screen
Q1,wPedo_step_frequency_std,-0.0271497919540222,0.0271497919540222,404,actual_behavior,activity_pedo
Q1,wPedo_step_std,-0.0271497919540222,0.0271497919540222,404,actual_behavior,activity_pedo
Q1,mAmbience_m_ambience_object_len_nonnull_count,0.026513061829334435,0.026513061829334435,450,coverage_proxy,coverage_or_object_proxy
Q1,mAmbience_m_ambience_object_len_nonzero_count,0.026513061829334435,0.026513061829334435,450,coverage_proxy,coverage_or_object_proxy
Q1,mAmbience_m_ambience_object_len_sum,0.026513061829334435,0.026513061829334435,450,coverage_proxy,coverage_or_object_proxy
Q1,mAmbience_row_count,0.026513061829334435,0.026513061829334435,450,coverage_proxy,coverage_or_object_proxy
Q1,mLight_m_light_q99,0.026276956982627827,0.026276956982627827,450,actual_behavior,light
Q1,wPedo_burned_calories_std,-0.025536512682321114,0.025536512682321114,404,actual_behavior,activity_pedo
Q1,mScreenStatus_m_screen_use_value_0_ratio,0.024737295606430773,0.024737295606430773,450,actual_behavior,screen
Q1,mScreenStatus_m_screen_use_value_1_ratio,-0.024737295606430773,0.024737295606430773,450,actual_behavior,screen
Q1,mActivity_m_activity_value_7_ratio,-0.024671185029538537,0.024671185029538537,450,actual_behavior,activity_code
Q1,wPedo_step_frequency_mean,0.023838323975267344,0.023838323975267344,404,actual_behavior,activity_pedo
Q1,wPedo_step_mean,0.023838323975267344,0.023838323975267344,404,actual_behavior,activity_pedo
Q1,mLight_m_light_std,-0.023762168519304665,0.023762168519304665,450,actual_behavior,light
Q1,mACStatus_m_charging_nonnull_count,-0.018097995350489355,0.018097995350489355,450,coverage_proxy,charging
Q1,mACStatus_row_count,-0.018097995350489355,0.018097995350489355,450,coverage_proxy,charging
Q1,mACStatus_m_charging_unique_count,0.01684093548163454,0.01684093548163454,450,coverage_proxy,charging
Q1,mActivity_m_activity_value_1_ratio,0.01572531126962893,0.01572531126962893,450,actual_behavior,activity_code
Q1,mGps_m_gps_object_len_nonnull_count,0.01559541283006582,0.01559541283006582,425,coverage_proxy,coverage_or_object_proxy
Q1,mGps_m_gps_object_len_nonzero_count,0.01559541283006582,0.01559541283006582,425,coverage_proxy,coverage_or_object_proxy
Q1,mGps_m_gps_object_len_sum,0.01559541283006582,0.01559541283006582,425,coverage_proxy,coverage_or_object_proxy
Q1,mGps_row_count,0.01559541283006582,0.01559541283006582,425,coverage_proxy,coverage_or_object_proxy
Q1,mActivity_m_activity_value_1_count,0.015335200848201846,0.015335200848201846,450,actual_behavior,activity_code
Q1,wLight_w_light_max,-0.014249064334045373,0.014249064334045373,414,actual_behavior,light
Q1,wPedo_distance_mean,0.014073738909708144,0.014073738909708144,404,actual_behavior,activity_pedo
Q1,wPedo_speed_mean,0.014073738909708144,0.014073738909708144,404,actual_behavior,activity_pedo
Q1,wPedo_burned_calories_zero_count,-0.01379644667209197,0.01379644667209197,404,coverage_proxy,activity_pedo
Q1,mActivity_m_activity_value_3_count,-0.013788658419766203,0.013788658419766203,450,actual_behavior,activity_code
Q1,wPedo_burned_calories_nonnull_count,0.013754310840595196,0.013754310840595196,404,coverage_proxy,activity_pedo
Q1,wPedo_distance_nonnull_count,0.013754310840595196,0.013754310840595196,404,coverage_proxy,activity_pedo
Q1,wPedo_row_count,0.013754310840595196,0.013754310840595196,404,coverage_proxy,activity_pedo
Q1,wPedo_running_step_nonnull_count,0.013754310840595196,0.013754310840595196,404,coverage_proxy,activity_pedo
Q1,wPedo_running_step_zero_count,0.013754310840595196,0.013754310840595196,404,coverage_proxy,activity_pedo
Q1,wPedo_speed_nonnull_count,0.013754310840595196,0.013754310840595196,404,coverage_proxy,activity_pedo
Q1,wPedo_step_frequency_nonnull_count,0.013754310840595196,0.013754310840595196,404,coverage_proxy,activity_pedo
Q1,wPedo_step_nonnull_count,0.013754310840595196,0.013754310840595196,404,coverage_proxy,activity_pedo
Q1,wPedo_walking_step_nonnull_count,0.013754310840595196,0.013754310840595196,404,coverage_proxy,activity_pedo
Q1,wPedo_walking_step_zero_count,0.013754310840595196,0.013754310840595196,404,coverage_proxy,activity_pedo
Q1,mActivity_m_activity_value_7_count,-0.013705068373215907,0.013705068373215907,450,actual_behavior,activity_code
Q1,wPedo_burned_calories_max,-0.013139736316707975,0.013139736316707975,404,actual_behavior,activity_pedo
Q1,wPedo_distance_max,-0.01294868948053089,0.01294868948053089,404,actual_behavior,activity_pedo
Q1,wPedo_speed_max,-0.01294868948053089,0.01294868948053089,404,actual_behavior,activity_pedo
Q1,mWifi_m_wifi_object_len_nonnull_count,-0.012441448485505631,0.012441448485505631,439,coverage_proxy,coverage_or_object_proxy
Q1,mWifi_m_wifi_object_len_nonzero_count,-0.012441448485505631,0.012441448485505631,439,coverage_proxy,coverage_or_object_proxy
Q1,mWifi_m_wifi_object_len_sum,-0.012441448485505631,0.012441448485505631,439,coverage_proxy,coverage_or_object_proxy
Q1,mWifi_row_count,-0.012441448485505631,0.012441448485505631,439,coverage_proxy,coverage_or_object_proxy
Q1,wPedo_distance_zero_count,-0.01167390897899435,0.01167390897899435,404,coverage_proxy,activity_pedo
Q1,wPedo_speed_zero_count,-0.01167390897899435,0.01167390897899435,404,coverage_proxy,activity_pedo
Q1,wPedo_step_frequency_zero_count,-0.01167390897899435,0.01167390897899435,404,coverage_proxy,activity_pedo
Q1,wPedo_step_zero_count,-0.01167390897899435,0.01167390897899435,404,coverage_proxy,activity_pedo
Q1,mACStatus_m_charging_value_0_ratio,0.01065792743314735,0.01065792743314735,450,actual_behavior,charging
Q1,mACStatus_m_charging_value_1_ratio,-0.01065792743314735,0.01065792743314735,450,actual_behavior,charging
Q1,mActivity_m_activity_value_4_ratio,-0.009700360692230328,0.009700360692230328,450,actual_behavior,activity_code
Q1,mActivity_m_activity_value_4_count,-0.007447685442507641,0.007447685442507641,450,actual_behavior,activity_code
Q1,wPedo_step_frequency_q95,0.007090312125302864,0.007090312125302864,404,actual_behavior,activity_pedo
Q1,wPedo_step_q95,0.007090312125302864,0.007090312125302864,404,actual_behavior,activity_pedo
Q1,mScreenStatus_m_screen_use_value_1_count,0.006877241165004982,0.006877241165004982,450,actual_behavior,screen
Q1,wPedo_burned_calories_mean,0.006729072751700577,0.006729072751700577,404,actual_behavior,activity_pedo
Q1,mLight_m_light_max,0.0050295807519782024,0.0050295807519782024,450,actual_behavior,light
Q1,wLight_w_light_sum,-0.004790104710750473,0.004790104710750473,414,actual_behavior,light
Q1,mACStatus_m_charging_value_1_count,0.0032846440618764855,0.0032846440618764855,450,actual_behavior,charging
Q1,wLight_w_light_nonzero_count,-0.0023243272512018624,0.0023243272512018624,414,coverage_proxy,light
Q1,wPedo_burned_calories_q95,0.0017921956472196072,0.0017921956472196072,404,actual_behavior,activity_pedo
Q1,wPedo_step_frequency_max,0.00040336315766196075,0.00040336315766196075,404,actual_behavior,activity_pedo
Q1,wPedo_step_max,0.00040336315766196075,0.00040336315766196075,404,actual_behavior,activity_pedo
Q1,wPedo_distance_q95,0.00036194099191784956,0.00036194099191784956,404,actual_behavior,activity_pedo
Q1,wPedo_speed_q95,0.00036194099191784956,0.00036194099191784956,404,actual_behavior,activity_pedo
Q1,wLight_w_light_min,-0.00016829446911228592,0.00016829446911228592,414,actual_behavior,light
Q2,mACStatus_m_charging_value_1_count,-0.17477065693219004,0.17477065693219004,450,actual_behavior,charging
Q2,mACStatus_m_charging_value_0_ratio,0.1684940609302209,0.1684940609302209,450,actual_behavior,charging
Q2,mACStatus_m_charging_value_1_ratio,-0.1684940609302209,0.1684940609302209,450,actual_behavior,charging
Q2,mActivity_m_activity_value_7_count,-0.1542759090954733,0.1542759090954733,450,actual_behavior,activity_code
Q2,mActivity_m_activity_value_7_ratio,-0.1472497639258146,0.1472497639258146,450,actual_behavior,activity_code
Q2,mScreenStatus_m_screen_use_nonnull_count,-0.1470509092662616,0.1470509092662616,450,coverage_proxy,screen
Q2,mScreenStatus_row_count,-0.1470509092662616,0.1470509092662616,450,coverage_proxy,screen
Q2,mACStatus_m_charging_nonnull_count,-0.1235972683587357,0.1235972683587357,450,coverage_proxy,charging
Q2,mACStatus_row_count,-0.1235972683587357,0.1235972683587357,450,coverage_proxy,charging
Q2,mActivity_m_activity_value_4_ratio,0.11852401679681847,0.11852401679681847,450,actual_behavior,activity_code
Q2,mActivity_m_activity_value_4_count,0.1155883416553633,0.1155883416553633,450,actual_behavior,activity_code
Q2,mScreenStatus_m_screen_use_value_0_count,-0.11430700820057435,0.11430700820057435,450,actual_behavior,screen
Q2,mACStatus_m_charging_value_0_count,0.11370324437714328,0.11370324437714328,450,actual_behavior,charging
Q2,mLight_m_light_q25,0.11335894233808534,0.11335894233808534,450,actual_behavior,light
Q2,mActivity_m_activity_nonnull_count,-0.1072418785323017,0.1072418785323017,450,coverage_proxy,activity_code
Q2,mActivity_row_count,-0.1072418785323017,0.1072418785323017,450,coverage_proxy,activity_code
Q2,mLight_m_light_sum,-0.1070822138877644,0.1070822138877644,450,actual_behavior,light
Q2,mAmbience_m_ambience_object_len_nonnull_count,-0.1018005632061131,0.1018005632061131,450,coverage_proxy,coverage_or_object_proxy
Q2,mAmbience_m_ambience_object_len_nonzero_count,-0.1018005632061131,0.1018005632061131,450,coverage_proxy,coverage_or_object_proxy
Q2,mAmbience_m_ambience_object_len_sum,-0.1018005632061131,0.1018005632061131,450,coverage_proxy,coverage_or_object_proxy
Q2,mAmbience_row_count,-0.1018005632061131,0.1018005632061131,450,coverage_proxy,coverage_or_object_proxy
Q2,wPedo_distance_q99,-0.10118022097430276,0.10118022097430276,404,actual_behavior,activity_pedo
Q2,wPedo_speed_q99,-0.10118022097430276,0.10118022097430276,404,actual_behavior,activity_pedo
Q2,wPedo_distance_std,-0.1000830967757143,0.1000830967757143,404,actual_behavior,activity_pedo
Q2,wPedo_speed_std,-0.1000830967757143,0.1000830967757143,404,actual_behavior,activity_pedo
Q2,mActivity_m_activity_value_0_count,-0.09877844957041665,0.09877844957041665,450,actual_behavior,activity_code
Q2,mLight_m_light_mean,-0.09877217893463247,0.09877217893463247,450,actual_behavior,light
Q2,mWifi_m_wifi_object_len_nonnull_count,-0.09758513645374091,0.09758513645374091,439,coverage_proxy,coverage_or_object_proxy
Q2,mWifi_m_wifi_object_len_nonzero_count,-0.09758513645374091,0.09758513645374091,439,coverage_proxy,coverage_or_object_proxy
Q2,mWifi_m_wifi_object_len_sum,-0.09758513645374091,0.09758513645374091,439,coverage_proxy,coverage_or_object_proxy
Q2,mWifi_row_count,-0.09758513645374091,0.09758513645374091,439,coverage_proxy,coverage_or_object_proxy
Q2,wPedo_step_frequency_max,-0.09744575297345053,0.09744575297345053,404,actual_behavior,activity_pedo
Q2,wPedo_step_max,-0.09744575297345053,0.09744575297345053,404,actual_behavior,activity_pedo
Q2,wPedo_step_frequency_std,-0.09623949587543082,0.09623949587543082,404,actual_behavior,activity_pedo
Q2,wPedo_step_std,-0.09623949587543082,0.09623949587543082,404,actual_behavior,activity_pedo
Q2,mActivity_m_activity_value_0_ratio,-0.0946036680800623,0.0946036680800623,450,actual_behavior,activity_code
Q2,wPedo_step_frequency_q99,-0.09340727231788312,0.09340727231788312,404,actual_behavior,activity_pedo
Q2,wPedo_step_q99,-0.09340727231788312,0.09340727231788312,404,actual_behavior,activity_pedo
Q2,mActivity_m_activity_value_8_count,-0.0914422123523327,0.0914422123523327,450,actual_behavior,activity_code
Q2,mActivity_m_activity_value_8_ratio,-0.09049694534718904,0.09049694534718904,450,actual_behavior,activity_code
Q2,wPedo_distance_max,-0.08981214512363443,0.08981214512363443,404,actual_behavior,activity_pedo
Q2,wPedo_speed_max,-0.08981214512363443,0.08981214512363443,404,actual_behavior,activity_pedo
Q2,wPedo_burned_calories_zero_count,-0.08700642470281135,0.08700642470281135,404,coverage_proxy,activity_pedo
Q2,wPedo_distance_zero_count,-0.08619502154484039,0.08619502154484039,404,coverage_proxy,activity_pedo
Q2,wPedo_speed_zero_count,-0.08619502154484039,0.08619502154484039,404,coverage_proxy,activity_pedo
Q2,wPedo_step_frequency_zero_count,-0.08619502154484039,0.08619502154484039,404,coverage_proxy,activity_pedo
Q2,wPedo_step_zero_count,-0.08619502154484039,0.08619502154484039,404,coverage_proxy,activity_pedo
Q2,wPedo_burned_calories_q99,-0.08514426509835092,0.08514426509835092,404,actual_behavior,activity_pedo
Q2,mLight_m_light_std,-0.08322103468624033,0.08322103468624033,450,actual_behavior,light
Q2,wPedo_distance_sum,-0.08197546586771222,0.08197546586771222,404,actual_behavior,activity_pedo
Q2,wPedo_speed_sum,-0.08197546586771222,0.08197546586771222,404,actual_behavior,activity_pedo
Q2,mActivity_m_activity_unique_count,-0.08076527076808988,0.08076527076808988,450,coverage_proxy,activity_code
Q2,wPedo_burned_calories_nonnull_count,-0.07618307436513544,0.07618307436513544,404,coverage_proxy,activity_pedo
Q2,wPedo_distance_nonnull_count,-0.07618307436513544,0.07618307436513544,404,coverage_proxy,activity_pedo
Q2,wPedo_row_count,-0.07618307436513544,0.07618307436513544,404,coverage_proxy,activity_pedo
Q2,wPedo_running_step_nonnull_count,-0.07618307436513544,0.07618307436513544,404,coverage_proxy,activity_pedo
Q2,wPedo_running_step_zero_count,-0.07618307436513544,0.07618307436513544,404,coverage_proxy,activity_pedo
Q2,wPedo_speed_nonnull_count,-0.07618307436513544,0.07618307436513544,404,coverage_proxy,activity_pedo
Q2,wPedo_step_frequency_nonnull_count,-0.07618307436513544,0.07618307436513544,404,coverage_proxy,activity_pedo
Q2,wPedo_step_nonnull_count,-0.07618307436513544,0.07618307436513544,404,coverage_proxy,activity_pedo
Q2,wPedo_walking_step_nonnull_count,-0.07618307436513544,0.07618307436513544,404,coverage_proxy,activity_pedo
Q2,wPedo_walking_step_zero_count,-0.07618307436513544,0.07618307436513544,404,coverage_proxy,activity_pedo
Q2,mLight_m_light_q75,-0.07499103797405968,0.07499103797405968,450,actual_behavior,light
Q2,mACStatus_m_charging_unique_count,-0.07472595210292084,0.07472595210292084,450,coverage_proxy,charging
Q2,wPedo_step_sum,-0.07435235115010798,0.07435235115010798,404,actual_behavior,activity_pedo
Q2,wPedo_step_frequency_sum,-0.07433099103895054,0.07433099103895054,404,actual_behavior,activity_pedo
Q2,wPedo_distance_q95,-0.07168270461748266,0.07168270461748266,404,actual_behavior,activity_pedo
Q2,wPedo_speed_q95,-0.07168270461748266,0.07168270461748266,404,actual_behavior,activity_pedo
Q2,mUsageStats_m_usage_stats_object_len_nonnull_count,0.0692935918615172,0.0692935918615172,440,coverage_proxy,app_usage
Q2,mUsageStats_m_usage_stats_object_len_nonzero_count,0.0692935918615172,0.0692935918615172,440,coverage_proxy,app_usage
Q2,mUsageStats_m_usage_stats_object_len_sum,0.0692935918615172,0.0692935918615172,440,coverage_proxy,app_usage
Q2,mUsageStats_row_count,0.0692935918615172,0.0692935918615172,440,coverage_proxy,app_usage
Q2,mLight_m_light_q95,-0.06889399633223472,0.06889399633223472,450,actual_behavior,light
Q2,mLight_m_light_max,-0.06841134120226257,0.06841134120226257,450,actual_behavior,light
Q2,wHr_heart_rate_object_len_nonnull_count,-0.06737414472205136,0.06737414472205136,391,coverage_proxy,heart_rate
Q2,wHr_heart_rate_object_len_nonzero_count,-0.06737414472205136,0.06737414472205136,391,coverage_proxy,heart_rate
Q2,wHr_heart_rate_object_len_sum,-0.06737414472205136,0.06737414472205136,391,coverage_proxy,heart_rate
Q2,wHr_row_count,-0.06737414472205136,0.06737414472205136,391,coverage_proxy,heart_rate
Q2,mScreenStatus_m_screen_use_value_0_ratio,-0.06649753568608516,0.06649753568608516,450,actual_behavior,screen
Q2,mScreenStatus_m_screen_use_value_1_ratio,0.06649753568608516,0.06649753568608516,450,actual_behavior,screen
Q2,wPedo_step_frequency_q95,-0.06622628982934964,0.06622628982934964,404,actual_behavior,activity_pedo
Q2,wPedo_step_q95,-0.06622628982934964,0.06622628982934964,404,actual_behavior,activity_pedo
Q2,mLight_m_light_zero_count,-0.06621332450300939,0.06621332450300939,450,coverage_proxy,light
Q2,mActivity_m_activity_value_3_count,-0.06370498246816404,0.06370498246816404,450,actual_behavior,activity_code
Q2,mLight_m_light_nonnull_count,-0.06321925940101283,0.06321925940101283,450,coverage_proxy,light
Q2,mLight_row_count,-0.06321925940101283,0.06321925940101283,450,coverage_proxy,light
Q2,wLight_w_light_min,0.0626229092723932,0.0626229092723932,414,actual_behavior,light
Q2,mActivity_m_activity_value_1_count,-0.06242737863363976,0.06242737863363976,450,actual_behavior,activity_code
Q2,mActivity_m_activity_value_1_ratio,-0.062155313325689875,0.062155313325689875,450,actual_behavior,activity_code
Q2,wPedo_burned_calories_q95,-0.057261375635053714,0.057261375635053714,404,actual_behavior,activity_pedo
Q2,wPedo_distance_mean,-0.05438695273901094,0.05438695273901094,404,actual_behavior,activity_pedo
Q2,wPedo_speed_mean,-0.05438695273901094,0.05438695273901094,404,actual_behavior,activity_pedo
Q2,wPedo_distance_nonzero_count,-0.054132333592592695,0.054132333592592695,404,coverage_proxy,activity_pedo
Q2,wPedo_speed_nonzero_count,-0.054132333592592695,0.054132333592592695,404,coverage_proxy,activity_pedo
Q2,wPedo_step_frequency_nonzero_count,-0.054132333592592695,0.054132333592592695,404,coverage_proxy,activity_pedo
Q2,wPedo_step_nonzero_count,-0.054132333592592695,0.054132333592592695,404,coverage_proxy,activity_pedo
Q2,mLight_m_light_q99,-0.05363593452577899,0.05363593452577899,450,actual_behavior,light
Q2,mScreenStatus_m_screen_use_value_1_count,0.05203306669756684,0.05203306669756684,450,actual_behavior,screen
Q2,mActivity_m_activity_value_3_ratio,-0.051825894246630075,0.051825894246630075,450,actual_behavior,activity_code
Q2,mGps_m_gps_object_len_nonnull_count,-0.0485740393434705,0.0485740393434705,425,coverage_proxy,coverage_or_object_proxy
Q2,mGps_m_gps_object_len_nonzero_count,-0.0485740393434705,0.0485740393434705,425,coverage_proxy,coverage_or_object_proxy
Q2,mGps_m_gps_object_len_sum,-0.0485740393434705,0.0485740393434705,425,coverage_proxy,coverage_or_object_proxy
Q2,mGps_row_count,-0.0485740393434705,0.0485740393434705,425,coverage_proxy,coverage_or_object_proxy
Q2,wPedo_step_frequency_mean,-0.047297644411821445,0.047297644411821445,404,actual_behavior,activity_pedo
Q2,wPedo_step_mean,-0.047297644411821445,0.047297644411821445,404,actual_behavior,activity_pedo
Q2,wPedo_burned_calories_nonzero_count,-0.04606088845219877,0.04606088845219877,404,coverage_proxy,activity_pedo
Q2,mLight_m_light_min,0.04164373574899205,0.04164373574899205,450,actual_behavior,light
Q2,mScreenStatus_m_screen_use_unique_count,-0.04164373574899205,0.04164373574899205,450,coverage_proxy,screen
Q2,wLight_w_light_sum,-0.038132138998817705,0.038132138998817705,414,actual_behavior,light
Q2,wPedo_burned_calories_sum,-0.036706388597707036,0.036706388597707036,404,actual_behavior,activity_pedo
Q2,wPedo_burned_calories_std,-0.03632202850767869,0.03632202850767869,404,actual_behavior,activity_pedo
Q2,mBle_m_ble_object_len_nonnull_count,0.03352108205403529,0.03352108205403529,416,coverage_proxy,coverage_or_object_proxy
Q2,mBle_m_ble_object_len_nonzero_count,0.03352108205403529,0.03352108205403529,416,coverage_proxy,coverage_or_object_proxy
Q2,mBle_m_ble_object_len_sum,0.03352108205403529,0.03352108205403529,416,coverage_proxy,coverage_or_object_proxy
Q2,mBle_row_count,0.03352108205403529,0.03352108205403529,416,coverage_proxy,coverage_or_object_proxy
Q2,mLight_m_light_nonzero_count,0.03186537543644618,0.03186537543644618,450,coverage_proxy,light
Q2,wLight_w_light_zero_count,-0.0298188423657467,0.0298188423657467,414,coverage_proxy,light
Q2,wPedo_burned_calories_max,-0.029488962924370424,0.029488962924370424,404,actual_behavior,activity_pedo
Q2,wLight_w_light_median,0.02942288558010344,0.02942288558010344,414,actual_behavior,light
Q2,wPedo_burned_calories_q75,0.028324615486372138,0.028324615486372138,404,actual_behavior,activity_pedo
Q2,wPedo_step_frequency_q75,0.027264897630992862,0.027264897630992862,404,actual_behavior,activity_pedo
Q2,wPedo_step_q75,0.027264897630992862,0.027264897630992862,404,actual_behavior,activity_pedo
Q2,wPedo_distance_q75,0.026961398698257973,0.026961398698257973,404,actual_behavior,activity_pedo
Q2,wPedo_speed_q75,0.026961398698257973,0.026961398698257973,404,actual_behavior,activity_pedo
Q2,wPedo_burned_calories_mean,-0.023168372093375293,0.023168372093375293,404,actual_behavior,activity_pedo
Q2,wLight_w_light_q75,-0.01862226805630941,0.01862226805630941,414,actual_behavior,light
Q2,wLight_w_light_mean,-0.01660658648447736,0.01660658648447736,414,actual_behavior,light
Q2,wLight_w_light_nonzero_count,-0.014939925956357002,0.014939925956357002,414,coverage_proxy,light
Q2,wLight_w_light_q99,-0.014126790518960203,0.014126790518960203,414,actual_behavior,light
Q2,wLight_row_count,-0.013069856279698526,0.013069856279698526,414,coverage_proxy,light
Q2,wLight_w_light_nonnull_count,-0.013069856279698526,0.013069856279698526,414,coverage_proxy,light
Q2,wLight_w_light_std,-0.011037180490907227,0.011037180490907227,414,actual_behavior,light
Q2,wLight_w_light_max,-0.00930945764994513,0.00930945764994513,414,actual_behavior,light
Q2,wLight_w_light_q25,-0.005566412383860934,0.005566412383860934,414,actual_behavior,light
Q2,mLight_m_light_median,0.0043560296350808325,0.0043560296350808325,450,actual_behavior,light
Q2,wLight_w_light_q95,0.0013009002570846962,0.0013009002570846962,414,actual_behavior,light
Q3,mLight_m_light_median,-0.22042413221329268,0.22042413221329268,450,actual_behavior,light
Q3,wLight_w_light_q75,-0.18838793845077245,0.18838793845077245,414,actual_behavior,light
Q3,mLight_m_light_zero_count,0.1844840864444295,0.1844840864444295,450,coverage_proxy,light
Q3,mLight_m_light_mean,-0.1744201033601353,0.1744201033601353,450,actual_behavior,light
Q3,mLight_m_light_q75,-0.16671700029556089,0.16671700029556089,450,actual_behavior,light
Q3,mLight_m_light_sum,-0.15737966082965563,0.15737966082965563,450,actual_behavior,light
Q3,wLight_w_light_q25,-0.15088837690289367,0.15088837690289367,414,actual_behavior,light
Q3,mLight_m_light_std,-0.1398852720842246,0.1398852720842246,450,actual_behavior,light
Q3,mLight_m_light_max,-0.1351888705367139,0.1351888705367139,450,actual_behavior,light
Q3,wLight_w_light_median,-0.13287901057992538,0.13287901057992538,414,actual_behavior,light
Q3,mLight_m_light_nonzero_count,-0.1308073383870965,0.1308073383870965,450,coverage_proxy,light
Q3,wHr_heart_rate_object_len_nonnull_count,-0.11661615150849008,0.11661615150849008,391,coverage_proxy,heart_rate
Q3,wHr_heart_rate_object_len_nonzero_count,-0.11661615150849008,0.11661615150849008,391,coverage_proxy,heart_rate
Q3,wHr_heart_rate_object_len_sum,-0.11661615150849008,0.11661615150849008,391,coverage_proxy,heart_rate
Q3,wHr_row_count,-0.11661615150849008,0.11661615150849008,391,coverage_proxy,heart_rate
Q3,wPedo_burned_calories_q99,-0.11557450314883251,0.11557450314883251,404,actual_behavior,activity_pedo
Q3,mLight_m_light_nonnull_count,0.11358354870204412,0.11358354870204412,450,coverage_proxy,light
Q3,mLight_row_count,0.11358354870204412,0.11358354870204412,450,coverage_proxy,light
Q3,wLight_w_light_zero_count,0.11225664215354508,0.11225664215354508,414,coverage_proxy,light
Q3,mLight_m_light_q95,-0.10322040588132268,0.10322040588132268,450,actual_behavior,light
Q3,mUsageStats_m_usage_stats_object_len_nonnull_count,0.10124498726255364,0.10124498726255364,440,coverage_proxy,app_usage
Q3,mUsageStats_m_usage_stats_object_len_nonzero_count,0.10124498726255364,0.10124498726255364,440,coverage_proxy,app_usage
Q3,mUsageStats_m_usage_stats_object_len_sum,0.10124498726255364,0.10124498726255364,440,coverage_proxy,app_usage
Q3,mUsageStats_row_count,0.10124498726255364,0.10124498726255364,440,coverage_proxy,app_usage
Q3,mGps_m_gps_object_len_nonnull_count,0.09984445972185332,0.09984445972185332,425,coverage_proxy,coverage_or_object_proxy
Q3,mGps_m_gps_object_len_nonzero_count,0.09984445972185332,0.09984445972185332,425,coverage_proxy,coverage_or_object_proxy
Q3,mGps_m_gps_object_len_sum,0.09984445972185332,0.09984445972185332,425,coverage_proxy,coverage_or_object_proxy
Q3,mGps_row_count,0.09984445972185332,0.09984445972185332,425,coverage_proxy,coverage_or_object_proxy
Q3,wLight_w_light_mean,-0.09492071106124686,0.09492071106124686,414,actual_behavior,light
Q3,wLight_w_light_nonzero_count,-0.09097487519539578,0.09097487519539578,414,coverage_proxy,light
Q3,mLight_m_light_q25,-0.08899079360554492,0.08899079360554492,450,actual_behavior,light
Q3,wPedo_burned_calories_std,-0.07558957710095837,0.07558957710095837,404,actual_behavior,activity_pedo
Q3,mActivity_m_activity_value_7_ratio,-0.07290015561150927,0.07290015561150927,450,actual_behavior,activity_code
Q3,wPedo_distance_zero_count,-0.07183235818589807,0.07183235818589807,404,coverage_proxy,activity_pedo
Q3,wPedo_speed_zero_count,-0.07183235818589807,0.07183235818589807,404,coverage_proxy,activity_pedo
Q3,wPedo_step_frequency_zero_count,-0.07183235818589807,0.07183235818589807,404,coverage_proxy,activity_pedo
Q3,wPedo_step_zero_count,-0.07183235818589807,0.07183235818589807,404,coverage_proxy,activity_pedo
Q3,mScreenStatus_m_screen_use_value_0_ratio,0.06987281426534736,0.06987281426534736,450,actual_behavior,screen
Q3,mScreenStatus_m_screen_use_value_1_ratio,-0.06987281426534736,0.06987281426534736,450,actual_behavior,screen
Q3,wPedo_burned_calories_zero_count,-0.06938307936435702,0.06938307936435702,404,coverage_proxy,activity_pedo
Q3,mLight_m_light_q99,-0.06896491027390844,0.06896491027390844,450,actual_behavior,light
Q3,wPedo_distance_q99,-0.06783445142440993,0.06783445142440993,404,actual_behavior,activity_pedo
Q3,wPedo_speed_q99,-0.06783445142440993,0.06783445142440993,404,actual_behavior,activity_pedo
Q3,mScreenStatus_m_screen_use_value_0_count,0.06538624397540535,0.06538624397540535,450,actual_behavior,screen
Q3,wLight_w_light_sum,-0.06506428641037222,0.06506428641037222,414,actual_behavior,light
Q3,wPedo_burned_calories_nonzero_count,0.06252037992879735,0.06252037992879735,404,coverage_proxy,activity_pedo
Q3,wPedo_step_frequency_q99,-0.06174276624307324,0.06174276624307324,404,actual_behavior,activity_pedo
Q3,wPedo_step_q99,-0.06174276624307324,0.06174276624307324,404,actual_behavior,activity_pedo
Q3,mActivity_m_activity_value_4_count,-0.06020351555806108,0.06020351555806108,450,actual_behavior,activity_code
Q3,mActivity_m_activity_value_4_ratio,-0.060082074716115076,0.060082074716115076,450,actual_behavior,activity_code
Q3,mActivity_m_activity_value_7_count,-0.05917898127006363,0.05917898127006363,450,actual_behavior,activity_code
Q3,mAmbience_m_ambience_object_len_nonnull_count,0.05892390435947186,0.05892390435947186,450,coverage_proxy,coverage_or_object_proxy
Q3,mAmbience_m_ambience_object_len_nonzero_count,0.05892390435947186,0.05892390435947186,450,coverage_proxy,coverage_or_object_proxy
Q3,mAmbience_m_ambience_object_len_sum,0.05892390435947186,0.05892390435947186,450,coverage_proxy,coverage_or_object_proxy
Q3,mAmbience_row_count,0.05892390435947186,0.05892390435947186,450,coverage_proxy,coverage_or_object_proxy
Q3,mACStatus_m_charging_value_0_count,0.05871650044865503,0.05871650044865503,450,actual_behavior,charging
Q3,wPedo_distance_nonzero_count,0.058140899471567885,0.058140899471567885,404,coverage_proxy,activity_pedo
Q3,wPedo_speed_nonzero_count,0.058140899471567885,0.058140899471567885,404,coverage_proxy,activity_pedo
Q3,wPedo_step_frequency_nonzero_count,0.058140899471567885,0.058140899471567885,404,coverage_proxy,activity_pedo
Q3,wPedo_step_nonzero_count,0.058140899471567885,0.058140899471567885,404,coverage_proxy,activity_pedo
Q3,mActivity_m_activity_value_0_count,0.05644244091398271,0.05644244091398271,450,actual_behavior,activity_code
Q3,wLight_w_light_min,0.05643090775233805,0.05643090775233805,414,actual_behavior,light
Q3,mScreenStatus_m_screen_use_value_1_count,-0.051296439058779,0.051296439058779,450,actual_behavior,screen
Q3,wPedo_distance_std,-0.05109395848206449,0.05109395848206449,404,actual_behavior,activity_pedo
Q3,wPedo_speed_std,-0.05109395848206449,0.05109395848206449,404,actual_behavior,activity_pedo
Q3,mActivity_m_activity_value_3_count,0.050615369567123654,0.050615369567123654,450,actual_behavior,activity_code
Q3,wPedo_burned_calories_max,-0.04903459677774741,0.04903459677774741,404,actual_behavior,activity_pedo
Q3,mActivity_m_activity_value_0_ratio,0.04482840430147887,0.04482840430147887,450,actual_behavior,activity_code
Q3,mACStatus_m_charging_unique_count,0.04398704039453105,0.04398704039453105,450,coverage_proxy,charging
Q3,wLight_w_light_q95,-0.043514507187227505,0.043514507187227505,414,actual_behavior,light
Q3,wPedo_step_frequency_std,-0.04289984889096547,0.04289984889096547,404,actual_behavior,activity_pedo
Q3,wPedo_step_std,-0.04289984889096547,0.04289984889096547,404,actual_behavior,activity_pedo
Q3,mACStatus_m_charging_nonnull_count,0.04238060905829533,0.04238060905829533,450,coverage_proxy,charging
Q3,mACStatus_row_count,0.04238060905829533,0.04238060905829533,450,coverage_proxy,charging
Q3,mWifi_m_wifi_object_len_nonnull_count,0.04148402863685521,0.04148402863685521,439,coverage_proxy,coverage_or_object_proxy
Q3,mWifi_m_wifi_object_len_nonzero_count,0.04148402863685521,0.04148402863685521,439,coverage_proxy,coverage_or_object_proxy
Q3,mWifi_m_wifi_object_len_sum,0.04148402863685521,0.04148402863685521,439,coverage_proxy,coverage_or_object_proxy
Q3,mWifi_row_count,0.04148402863685521,0.04148402863685521,439,coverage_proxy,coverage_or_object_proxy
Q3,wPedo_burned_calories_mean,-0.04120900088010377,0.04120900088010377,404,actual_behavior,activity_pedo
Q3,wPedo_distance_max,-0.03990835038013436,0.03990835038013436,404,actual_behavior,activity_pedo
Q3,wPedo_speed_max,-0.03990835038013436,0.03990835038013436,404,actual_behavior,activity_pedo
Q3,mLight_m_light_min,0.038532856042645815,0.038532856042645815,450,actual_behavior,light
Q3,mScreenStatus_m_screen_use_unique_count,-0.038532856042645815,0.038532856042645815,450,coverage_proxy,screen
Q3,wPedo_burned_calories_sum,-0.03704691346875189,0.03704691346875189,404,actual_behavior,activity_pedo
Q3,mBle_m_ble_object_len_nonnull_count,-0.034796314497636996,0.034796314497636996,416,coverage_proxy,coverage_or_object_proxy
Q3,mBle_m_ble_object_len_nonzero_count,-0.034796314497636996,0.034796314497636996,416,coverage_proxy,coverage_or_object_proxy
Q3,mBle_m_ble_object_len_sum,-0.034796314497636996,0.034796314497636996,416,coverage_proxy,coverage_or_object_proxy
Q3,mBle_row_count,-0.034796314497636996,0.034796314497636996,416,coverage_proxy,coverage_or_object_proxy
Q3,wLight_w_light_q99,-0.034402073190391506,0.034402073190391506,414,actual_behavior,light
Q3,wPedo_burned_calories_nonnull_count,-0.03283904120740773,0.03283904120740773,404,coverage_proxy,activity_pedo
Q3,wPedo_distance_nonnull_count,-0.03283904120740773,0.03283904120740773,404,coverage_proxy,activity_pedo
Q3,wPedo_row_count,-0.03283904120740773,0.03283904120740773,404,coverage_proxy,activity_pedo
Q3,wPedo_running_step_nonnull_count,-0.03283904120740773,0.03283904120740773,404,coverage_proxy,activity_pedo
Q3,wPedo_running_step_zero_count,-0.03283904120740773,0.03283904120740773,404,coverage_proxy,activity_pedo
Q3,wPedo_speed_nonnull_count,-0.03283904120740773,0.03283904120740773,404,coverage_proxy,activity_pedo
Q3,wPedo_step_frequency_nonnull_count,-0.03283904120740773,0.03283904120740773,404,coverage_proxy,activity_pedo
Q3,wPedo_step_nonnull_count,-0.03283904120740773,0.03283904120740773,404,coverage_proxy,activity_pedo
Q3,wPedo_walking_step_nonnull_count,-0.03283904120740773,0.03283904120740773,404,coverage_proxy,activity_pedo
Q3,wPedo_walking_step_zero_count,-0.03283904120740773,0.03283904120740773,404,coverage_proxy,activity_pedo
Q3,mActivity_m_activity_value_8_count,0.031178118503047116,0.031178118503047116,450,actual_behavior,activity_code
Q3,wPedo_step_frequency_max,-0.030720372976905098,0.030720372976905098,404,actual_behavior,activity_pedo
Q3,wPedo_step_max,-0.030720372976905098,0.030720372976905098,404,actual_behavior,activity_pedo
Q3,mActivity_m_activity_value_8_ratio,0.029210206105291348,0.029210206105291348,450,actual_behavior,activity_code
Q3,mActivity_m_activity_unique_count,-0.02425092689929049,0.02425092689929049,450,coverage_proxy,activity_code
Q3,wPedo_step_frequency_q95,0.02215691599217588,0.02215691599217588,404,actual_behavior,activity_pedo
Q3,wPedo_step_q95,0.02215691599217588,0.02215691599217588,404,actual_behavior,activity_pedo
Q3,mActivity_m_activity_value_3_ratio,0.02208633182931274,0.02208633182931274,450,actual_behavior,activity_code
Q3,mACStatus_m_charging_value_0_ratio,0.021929138837087195,0.021929138837087195,450,actual_behavior,charging
Q3,mACStatus_m_charging_value_1_ratio,-0.021929138837087195,0.021929138837087195,450,actual_behavior,charging
Q3,wLight_w_light_std,-0.021612334299099742,0.021612334299099742,414,actual_behavior,light
Q3,wPedo_distance_q95,0.017741609514375287,0.017741609514375287,404,actual_behavior,activity_pedo
Q3,wPedo_speed_q95,0.017741609514375287,0.017741609514375287,404,actual_behavior,activity_pedo
Q3,mScreenStatus_m_screen_use_nonnull_count,-0.015603613137983103,0.015603613137983103,450,coverage_proxy,screen
Q3,mScreenStatus_row_count,-0.015603613137983103,0.015603613137983103,450,coverage_proxy,screen
Q3,mACStatus_m_charging_value_1_count,-0.015154933547990475,0.015154933547990475,450,actual_behavior,charging
Q3,mActivity_m_activity_value_1_ratio,-0.014468677619803538,0.014468677619803538,450,actual_behavior,activity_code
Q3,wPedo_step_sum,0.013808597115720802,0.013808597115720802,404,actual_behavior,activity_pedo
Q3,wPedo_step_frequency_sum,0.013808595858966058,0.013808595858966058,404,actual_behavior,activity_pedo
Q3,wPedo_step_frequency_mean,0.01285478039026909,0.01285478039026909,404,actual_behavior,activity_pedo
Q3,wPedo_step_mean,0.01285478039026909,0.01285478039026909,404,actual_behavior,activity_pedo
Q3,wPedo_burned_calories_q75,0.01253211039828859,0.01253211039828859,404,actual_behavior,activity_pedo
Q3,wPedo_distance_q75,0.01253211039828859,0.01253211039828859,404,actual_behavior,activity_pedo
Q3,wPedo_speed_q75,0.01253211039828859,0.01253211039828859,404,actual_behavior,activity_pedo
Q3,wPedo_step_frequency_q75,0.012378597267814545,0.012378597267814545,404,actual_behavior,activity_pedo
Q3,wPedo_step_q75,0.012378597267814545,0.012378597267814545,404,actual_behavior,activity_pedo
Q3,mActivity_m_activity_value_1_count,-0.012138616852870366,0.012138616852870366,450,actual_behavior,activity_code
Q3,wLight_row_count,0.010868190950124864,0.010868190950124864,414,coverage_proxy,light
Q3,wLight_w_light_nonnull_count,0.010868190950124864,0.010868190950124864,414,coverage_proxy,light
Q3,wPedo_burned_calories_q95,0.010676188149950507,0.010676188149950507,404,actual_behavior,activity_pedo
Q3,wPedo_distance_sum,0.007088555122458671,0.007088555122458671,404,actual_behavior,activity_pedo
Q3,wPedo_speed_sum,0.007088555122458671,0.007088555122458671,404,actual_behavior,activity_pedo
Q3,wPedo_distance_mean,0.006481584041636522,0.006481584041636522,404,actual_behavior,activity_pedo
Q3,wPedo_speed_mean,0.006481584041636522,0.006481584041636522,404,actual_behavior,activity_pedo
Q3,mActivity_m_activity_nonnull_count,0.006049322370566569,0.006049322370566569,450,coverage_proxy,activity_code
Q3,mActivity_row_count,0.006049322370566569,0.006049322370566569,450,coverage_proxy,activity_code
Q3,wLight_w_light_max,-0.005413421842467141,0.005413421842467141,414,actual_behavior,light
S1,mScreenStatus_m_screen_use_value_0_count,0.2722106340819127,0.2722106340819127,450,actual_behavior,screen
S1,mScreenStatus_m_screen_use_value_0_ratio,0.2355049851738082,0.2355049851738082,450,actual_behavior,screen
S1,mScreenStatus_m_screen_use_value_1_ratio,-0.2355049851738082,0.2355049851738082,450,actual_behavior,screen
S1,mLight_m_light_zero_count,0.21356296316889634,0.21356296316889634,450,coverage_proxy,light
S1,mScreenStatus_m_screen_use_value_1_count,-0.20817229037519774,0.20817229037519774,450,actual_behavior,screen
S1,mBle_m_ble_object_len_nonnull_count,-0.18552245223525268,0.18552245223525268,416,coverage_proxy,coverage_or_object_proxy
S1,mBle_m_ble_object_len_nonzero_count,-0.18552245223525268,0.18552245223525268,416,coverage_proxy,coverage_or_object_proxy
S1,mBle_m_ble_object_len_sum,-0.18552245223525268,0.18552245223525268,416,coverage_proxy,coverage_or_object_proxy
S1,mBle_row_count,-0.18552245223525268,0.18552245223525268,416,coverage_proxy,coverage_or_object_proxy
S1,mLight_m_light_nonzero_count,-0.1715092557221203,0.1715092557221203,450,coverage_proxy,light
S1,mLight_m_light_q25,-0.14380004645826525,0.14380004645826525,450,actual_behavior,light
S1,mActivity_m_activity_value_4_ratio,-0.13807830161797294,0.13807830161797294,450,actual_behavior,activity_code
S1,mActivity_m_activity_value_4_count,-0.13650967391514282,0.13650967391514282,450,actual_behavior,activity_code
S1,wLight_w_light_q25,-0.12566345924014075,0.12566345924014075,414,actual_behavior,light
S1,mAmbience_m_ambience_object_len_nonnull_count,0.12453560236502048,0.12453560236502048,450,coverage_proxy,coverage_or_object_proxy
S1,mAmbience_m_ambience_object_len_nonzero_count,0.12453560236502048,0.12453560236502048,450,coverage_proxy,coverage_or_object_proxy
S1,mAmbience_m_ambience_object_len_sum,0.12453560236502048,0.12453560236502048,450,coverage_proxy,coverage_or_object_proxy
S1,mAmbience_row_count,0.12453560236502048,0.12453560236502048,450,coverage_proxy,coverage_or_object_proxy
S1,mLight_m_light_median,-0.12250650613221815,0.12250650613221815,450,actual_behavior,light
S1,mActivity_m_activity_nonnull_count,0.11861023985784386,0.11861023985784386,450,coverage_proxy,activity_code
S1,mActivity_row_count,0.11861023985784386,0.11861023985784386,450,coverage_proxy,activity_code
S1,wPedo_burned_calories_nonzero_count,0.11699252409482162,0.11699252409482162,404,coverage_proxy,activity_pedo
S1,wPedo_burned_calories_q99,-0.11375491744409605,0.11375491744409605,404,actual_behavior,activity_pedo
S1,wPedo_step_frequency_q75,0.11132331861643721,0.11132331861643721,404,actual_behavior,activity_pedo
S1,wPedo_step_q75,0.11132331861643721,0.11132331861643721,404,actual_behavior,activity_pedo
S1,wPedo_burned_calories_q75,0.11132102449121375,0.11132102449121375,404,actual_behavior,activity_pedo
S1,wPedo_distance_q75,0.11132102449121375,0.11132102449121375,404,actual_behavior,activity_pedo
S1,wPedo_speed_q75,0.11132102449121375,0.11132102449121375,404,actual_behavior,activity_pedo
S1,wPedo_distance_nonzero_count,0.10757981782522462,0.10757981782522462,404,coverage_proxy,activity_pedo
S1,wPedo_speed_nonzero_count,0.10757981782522462,0.10757981782522462,404,coverage_proxy,activity_pedo
S1,wPedo_step_frequency_nonzero_count,0.10757981782522462,0.10757981782522462,404,coverage_proxy,activity_pedo
S1,wPedo_step_nonzero_count,0.10757981782522462,0.10757981782522462,404,coverage_proxy,activity_pedo
S1,mGps_m_gps_object_len_nonnull_count,0.10672320391507836,0.10672320391507836,425,coverage_proxy,coverage_or_object_proxy
S1,mGps_m_gps_object_len_nonzero_count,0.10672320391507836,0.10672320391507836,425,coverage_proxy,coverage_or_object_proxy
S1,mGps_m_gps_object_len_sum,0.10672320391507836,0.10672320391507836,425,coverage_proxy,coverage_or_object_proxy
S1,mGps_row_count,0.10672320391507836,0.10672320391507836,425,coverage_proxy,coverage_or_object_proxy
S1,wLight_w_light_mean,-0.09547873831985877,0.09547873831985877,414,actual_behavior,light
S1,mLight_m_light_max,-0.09313664034898493,0.09313664034898493,450,actual_behavior,light
S1,mWifi_m_wifi_object_len_nonnull_count,0.09155550687481084,0.09155550687481084,439,coverage_proxy,coverage_or_object_proxy
S1,mWifi_m_wifi_object_len_nonzero_count,0.09155550687481084,0.09155550687481084,439,coverage_proxy,coverage_or_object_proxy
S1,mWifi_m_wifi_object_len_sum,0.09155550687481084,0.09155550687481084,439,coverage_proxy,coverage_or_object_proxy
S1,mWifi_row_count,0.09155550687481084,0.09155550687481084,439,coverage_proxy,coverage_or_object_proxy
S1,mACStatus_m_charging_nonnull_count,0.09100410936544469,0.09100410936544469,450,coverage_proxy,charging
S1,mACStatus_row_count,0.09100410936544469,0.09100410936544469,450,coverage_proxy,charging
S1,wPedo_burned_calories_std,-0.08946691063332698,0.08946691063332698,404,actual_behavior,activity_pedo
S1,mScreenStatus_m_screen_use_nonnull_count,0.0881058358260936,0.0881058358260936,450,coverage_proxy,screen
S1,mScreenStatus_row_count,0.0881058358260936,0.0881058358260936,450,coverage_proxy,screen
S1,wPedo_distance_std,-0.08615332135061117,0.08615332135061117,404,actual_behavior,activity_pedo
S1,wPedo_speed_std,-0.08615332135061117,0.08615332135061117,404,actual_behavior,activity_pedo
S1,mActivity_m_activity_value_3_ratio,0.08571537508210784,0.08571537508210784,450,actual_behavior,activity_code
S1,mLight_m_light_std,-0.0851455034886986,0.0851455034886986,450,actual_behavior,light
S1,wLight_w_light_zero_count,0.0847852278392912,0.0847852278392912,414,coverage_proxy,light
S1,wLight_w_light_q75,-0.08263028426656238,0.08263028426656238,414,actual_behavior,light
S1,wPedo_distance_q99,-0.08095931142668537,0.08095931142668537,404,actual_behavior,activity_pedo
S1,wPedo_speed_q99,-0.08095931142668537,0.08095931142668537,404,actual_behavior,activity_pedo
S1,wLight_w_light_median,-0.079335325949633,0.079335325949633,414,actual_behavior,light
S1,wPedo_step_frequency_std,-0.07690288460302952,0.07690288460302952,404,actual_behavior,activity_pedo
S1,wPedo_step_std,-0.07690288460302952,0.07690288460302952,404,actual_behavior,activity_pedo
S1,wLight_row_count,0.07656733586338908,0.07656733586338908,414,coverage_proxy,light
S1,wLight_w_light_nonnull_count,0.07656733586338908,0.07656733586338908,414,coverage_proxy,light
S1,wLight_w_light_q95,-0.07332477832249101,0.07332477832249101,414,actual_behavior,light
S1,mActivity_m_activity_value_0_count,0.07325910333270666,0.07325910333270666,450,actual_behavior,activity_code
S1,mLight_m_light_mean,-0.07276404300296335,0.07276404300296335,450,actual_behavior,light
S1,mLight_m_light_q99,-0.07147813935031368,0.07147813935031368,450,actual_behavior,light
S1,mActivity_m_activity_value_3_count,0.06997229165141448,0.06997229165141448,450,actual_behavior,activity_code
S1,mLight_m_light_min,-0.06914774129804753,0.06914774129804753,450,actual_behavior,light
S1,mScreenStatus_m_screen_use_unique_count,0.06914774129804753,0.06914774129804753,450,coverage_proxy,screen
S1,mACStatus_m_charging_unique_count,0.06847920183198139,0.06847920183198139,450,coverage_proxy,charging
S1,wLight_w_light_q99,-0.06749478428310561,0.06749478428310561,414,actual_behavior,light
S1,wPedo_step_frequency_q99,-0.06607018262484006,0.06607018262484006,404,actual_behavior,activity_pedo
S1,wPedo_step_q99,-0.06607018262484006,0.06607018262484006,404,actual_behavior,activity_pedo
S1,mLight_m_light_nonnull_count,0.06122300608297973,0.06122300608297973,450,coverage_proxy,light
S1,mLight_row_count,0.06122300608297973,0.06122300608297973,450,coverage_proxy,light
S1,wPedo_distance_max,-0.06084118376518413,0.06084118376518413,404,actual_behavior,activity_pedo
S1,wPedo_speed_max,-0.06084118376518413,0.06084118376518413,404,actual_behavior,activity_pedo
S1,mActivity_m_activity_value_0_ratio,0.06012036860203913,0.06012036860203913,450,actual_behavior,activity_code
S1,mLight_m_light_q75,-0.059371553701864276,0.059371553701864276,450,actual_behavior,light
S1,mLight_m_light_sum,-0.058508830336894295,0.058508830336894295,450,actual_behavior,light
S1,wPedo_burned_calories_mean,-0.05817190074101096,0.05817190074101096,404,actual_behavior,activity_pedo
S1,wLight_w_light_std,-0.057085635373704875,0.057085635373704875,414,actual_behavior,light
S1,wPedo_burned_calories_max,-0.056791243708588776,0.056791243708588776,404,actual_behavior,activity_pedo
S1,wPedo_burned_calories_nonnull_count,0.05345068338466806,0.05345068338466806,404,coverage_proxy,activity_pedo
S1,wPedo_distance_nonnull_count,0.05345068338466806,0.05345068338466806,404,coverage_proxy,activity_pedo
S1,wPedo_row_count,0.05345068338466806,0.05345068338466806,404,coverage_proxy,activity_pedo
S1,wPedo_running_step_nonnull_count,0.05345068338466806,0.05345068338466806,404,coverage_proxy,activity_pedo
S1,wPedo_running_step_zero_count,0.05345068338466806,0.05345068338466806,404,coverage_proxy,activity_pedo
S1,wPedo_speed_nonnull_count,0.05345068338466806,0.05345068338466806,404,coverage_proxy,activity_pedo
S1,wPedo_step_frequency_nonnull_count,0.05345068338466806,0.05345068338466806,404,coverage_proxy,activity_pedo
S1,wPedo_step_nonnull_count,0.05345068338466806,0.05345068338466806,404,coverage_proxy,activity_pedo
S1,wPedo_walking_step_nonnull_count,0.05345068338466806,0.05345068338466806,404,coverage_proxy,activity_pedo
S1,wPedo_walking_step_zero_count,0.05345068338466806,0.05345068338466806,404,coverage_proxy,activity_pedo
S1,wPedo_step_frequency_max,-0.050261504516168856,0.050261504516168856,404,actual_behavior,activity_pedo
S1,wPedo_step_max,-0.050261504516168856,0.050261504516168856,404,actual_behavior,activity_pedo
S1,wLight_w_light_nonzero_count,0.05018308833429355,0.05018308833429355,414,coverage_proxy,light
S1,wLight_w_light_max,-0.045712397887506126,0.045712397887506126,414,actual_behavior,light
S1,wPedo_burned_calories_q95,-0.04102985393798481,0.04102985393798481,404,actual_behavior,activity_pedo
S1,mActivity_m_activity_value_7_ratio,-0.03736834400187831,0.03736834400187831,450,actual_behavior,activity_code
S1,wPedo_distance_zero_count,0.0369061039424361,0.0369061039424361,404,coverage_proxy,activity_pedo
S1,wPedo_speed_zero_count,0.0369061039424361,0.0369061039424361,404,coverage_proxy,activity_pedo
S1,wPedo_step_frequency_zero_count,0.0369061039424361,0.0369061039424361,404,coverage_proxy,activity_pedo
S1,wPedo_step_zero_count,0.0369061039424361,0.0369061039424361,404,coverage_proxy,activity_pedo
S1,mACStatus_m_charging_value_0_count,0.036832279804481144,0.036832279804481144,450,actual_behavior,charging
S1,wPedo_step_sum,0.03543700939654668,0.03543700939654668,404,actual_behavior,activity_pedo
S1,wPedo_step_frequency_sum,0.03543700617133639,0.03543700617133639,404,actual_behavior,activity_pedo
S1,wLight_w_light_sum,-0.03407607169256432,0.03407607169256432,414,actual_behavior,light
S1,mACStatus_m_charging_value_1_count,0.033544089841782886,0.033544089841782886,450,actual_behavior,charging
S1,wPedo_burned_calories_zero_count,0.03290259492137838,0.03290259492137838,404,coverage_proxy,activity_pedo
S1,wPedo_distance_mean,-0.03005241391129759,0.03005241391129759,404,actual_behavior,activity_pedo
S1,wPedo_speed_mean,-0.03005241391129759,0.03005241391129759,404,actual_behavior,activity_pedo
S1,wLight_w_light_min,-0.029012786127454376,0.029012786127454376,414,actual_behavior,light
S1,mUsageStats_m_usage_stats_object_len_nonnull_count,0.0281613486016214,0.0281613486016214,440,coverage_proxy,app_usage
S1,mUsageStats_m_usage_stats_object_len_nonzero_count,0.0281613486016214,0.0281613486016214,440,coverage_proxy,app_usage
S1,mUsageStats_m_usage_stats_object_len_sum,0.0281613486016214,0.0281613486016214,440,coverage_proxy,app_usage
S1,mUsageStats_row_count,0.0281613486016214,0.0281613486016214,440,coverage_proxy,app_usage
S1,wPedo_distance_q95,-0.028111004357577695,0.028111004357577695,404,actual_behavior,activity_pedo
S1,wPedo_speed_q95,-0.028111004357577695,0.028111004357577695,404,actual_behavior,activity_pedo
S1,mActivity_m_activity_value_8_ratio,0.02699996079131748,0.02699996079131748,450,actual_behavior,activity_code
S1,mActivity_m_activity_value_8_count,0.026640363829778937,0.026640363829778937,450,actual_behavior,activity_code
S1,mActivity_m_activity_unique_count,-0.025573315981789184,0.025573315981789184,450,coverage_proxy,activity_code
S1,wPedo_distance_sum,0.02503600791385282,0.02503600791385282,404,actual_behavior,activity_pedo
S1,wPedo_speed_sum,0.02503600791385282,0.02503600791385282,404,actual_behavior,activity_pedo
S1,wHr_heart_rate_object_len_nonnull_count,0.024501885537039275,0.024501885537039275,391,coverage_proxy,heart_rate
S1,wHr_heart_rate_object_len_nonzero_count,0.024501885537039275,0.024501885537039275,391,coverage_proxy,heart_rate
S1,wHr_heart_rate_object_len_sum,0.024501885537039275,0.024501885537039275,391,coverage_proxy,heart_rate
S1,wHr_row_count,0.024501885537039275,0.024501885537039275,391,coverage_proxy,heart_rate
S1,mActivity_m_activity_value_7_count,-0.02235977465362761,0.02235977465362761,450,actual_behavior,activity_code
S1,mACStatus_m_charging_value_0_ratio,-0.021603304527980736,0.021603304527980736,450,actual_behavior,charging
S1,mACStatus_m_charging_value_1_ratio,0.021603304527980736,0.021603304527980736,450,actual_behavior,charging
S1,wPedo_step_frequency_q95,-0.020934791056397457,0.020934791056397457,404,actual_behavior,activity_pedo
S1,wPedo_step_q95,-0.020934791056397457,0.020934791056397457,404,actual_behavior,activity_pedo
S1,wPedo_step_frequency_mean,-0.0200656239897791,0.0200656239897791,404,actual_behavior,activity_pedo
S1,wPedo_step_mean,-0.0200656239897791,0.0200656239897791,404,actual_behavior,activity_pedo
S1,wPedo_burned_calories_sum,-0.018638939715276453,0.018638939715276453,404,actual_behavior,activity_pedo
S1,mLight_m_light_q95,-0.01533905274150788,0.01533905274150788,450,actual_behavior,light
S1,mActivity_m_activity_value_1_ratio,-0.004167522568013636,0.004167522568013636,450,actual_behavior,activity_code
S1,mActivity_m_activity_value_1_count,0.0020745976601956543,0.0020745976601956543,450,actual_behavior,activity_code
S2,mScreenStatus_m_screen_use_value_0_count,0.2204134842624506,0.2204134842624506,450,actual_behavior,screen
S2,mScreenStatus_m_screen_use_value_0_ratio,0.1852018612301602,0.1852018612301602,450,actual_behavior,screen
S2,mScreenStatus_m_screen_use_value_1_ratio,-0.1852018612301602,0.1852018612301602,450,actual_behavior,screen
S2,mBle_m_ble_object_len_nonnull_count,-0.17431400669089778,0.17431400669089778,416,coverage_proxy,coverage_or_object_proxy
S2,mBle_m_ble_object_len_nonzero_count,-0.17431400669089778,0.17431400669089778,416,coverage_proxy,coverage_or_object_proxy
S2,mBle_m_ble_object_len_sum,-0.17431400669089778,0.17431400669089778,416,coverage_proxy,coverage_or_object_proxy
S2,mBle_row_count,-0.17431400669089778,0.17431400669089778,416,coverage_proxy,coverage_or_object_proxy
S2,mWifi_m_wifi_object_len_nonnull_count,0.1671407866116782,0.1671407866116782,439,coverage_proxy,coverage_or_object_proxy
S2,mWifi_m_wifi_object_len_nonzero_count,0.1671407866116782,0.1671407866116782,439,coverage_proxy,coverage_or_object_proxy
S2,mWifi_m_wifi_object_len_sum,0.1671407866116782,0.1671407866116782,439,coverage_proxy,coverage_or_object_proxy
S2,mWifi_row_count,0.1671407866116782,0.1671407866116782,439,coverage_proxy,coverage_or_object_proxy
S2,mScreenStatus_m_screen_use_value_1_count,-0.1642247010899469,0.1642247010899469,450,actual_behavior,screen
S2,wPedo_burned_calories_q99,-0.11824944838555114,0.11824944838555114,404,actual_behavior,activity_pedo
S2,mLight_m_light_max,-0.11557184488071005,0.11557184488071005,450,actual_behavior,light
S2,mGps_m_gps_object_len_nonnull_count,0.11517851187171496,0.11517851187171496,425,coverage_proxy,coverage_or_object_proxy
S2,mGps_m_gps_object_len_nonzero_count,0.11517851187171496,0.11517851187171496,425,coverage_proxy,coverage_or_object_proxy
S2,mGps_m_gps_object_len_sum,0.11517851187171496,0.11517851187171496,425,coverage_proxy,coverage_or_object_proxy
S2,mGps_row_count,0.11517851187171496,0.11517851187171496,425,coverage_proxy,coverage_or_object_proxy
S2,wLight_w_light_nonzero_count,0.11400466294268032,0.11400466294268032,414,coverage_proxy,light
S2,mLight_m_light_std,-0.10238143166917883,0.10238143166917883,450,actual_behavior,light
S2,wPedo_burned_calories_q95,-0.10043242812031156,0.10043242812031156,404,actual_behavior,activity_pedo
S2,mLight_m_light_q99,-0.09963571359411275,0.09963571359411275,450,actual_behavior,light
S2,mACStatus_m_charging_nonnull_count,0.09602202395780722,0.09602202395780722,450,coverage_proxy,charging
S2,mACStatus_row_count,0.09602202395780722,0.09602202395780722,450,coverage_proxy,charging
S2,mACStatus_m_charging_value_1_count,0.08981996702412161,0.08981996702412161,450,actual_behavior,charging
S2,wPedo_distance_q99,-0.08584447460073753,0.08584447460073753,404,actual_behavior,activity_pedo
S2,wPedo_speed_q99,-0.08584447460073753,0.08584447460073753,404,actual_behavior,activity_pedo
S2,mLight_m_light_zero_count,0.08555966170746505,0.08555966170746505,450,coverage_proxy,light
S2,wPedo_burned_calories_mean,-0.08457759750812124,0.08457759750812124,404,actual_behavior,activity_pedo
S2,mScreenStatus_m_screen_use_nonnull_count,0.08305060115127741,0.08305060115127741,450,coverage_proxy,screen
S2,mScreenStatus_row_count,0.08305060115127741,0.08305060115127741,450,coverage_proxy,screen
S2,wPedo_distance_std,-0.08093259330585584,0.08093259330585584,404,actual_behavior,activity_pedo
S2,wPedo_speed_std,-0.08093259330585584,0.08093259330585584,404,actual_behavior,activity_pedo
S2,wPedo_step_frequency_std,-0.08066259299457691,0.08066259299457691,404,actual_behavior,activity_pedo
S2,wPedo_step_std,-0.08066259299457691,0.08066259299457691,404,actual_behavior,activity_pedo
S2,wPedo_distance_mean,-0.07805258998554737,0.07805258998554737,404,actual_behavior,activity_pedo
S2,wPedo_speed_mean,-0.07805258998554737,0.07805258998554737,404,actual_behavior,activity_pedo
S2,wPedo_distance_q95,-0.07803705961847006,0.07803705961847006,404,actual_behavior,activity_pedo
S2,wPedo_speed_q95,-0.07803705961847006,0.07803705961847006,404,actual_behavior,activity_pedo
S2,mACStatus_m_charging_value_0_ratio,-0.07662920342899925,0.07662920342899925,450,actual_behavior,charging
S2,mACStatus_m_charging_value_1_ratio,0.07662920342899925,0.07662920342899925,450,actual_behavior,charging
S2,mActivity_m_activity_nonnull_count,0.07567023315503048,0.07567023315503048,450,coverage_proxy,activity_code
S2,mActivity_row_count,0.07567023315503048,0.07567023315503048,450,coverage_proxy,activity_code
S2,wPedo_step_frequency_q99,-0.07549386727432057,0.07549386727432057,404,actual_behavior,activity_pedo
S2,wPedo_step_q99,-0.07549386727432057,0.07549386727432057,404,actual_behavior,activity_pedo
S2,wPedo_step_frequency_q95,-0.07425130236845978,0.07425130236845978,404,actual_behavior,activity_pedo
S2,wPedo_step_q95,-0.07425130236845978,0.07425130236845978,404,actual_behavior,activity_pedo
S2,wPedo_step_frequency_mean,-0.0740025853163636,0.0740025853163636,404,actual_behavior,activity_pedo
S2,wPedo_step_mean,-0.0740025853163636,0.0740025853163636,404,actual_behavior,activity_pedo
S2,mActivity_m_activity_value_8_count,0.07349090804274691,0.07349090804274691,450,actual_behavior,activity_code
S2,mActivity_m_activity_value_8_ratio,0.07130994295216725,0.07130994295216725,450,actual_behavior,activity_code
S2,wPedo_burned_calories_nonnull_count,0.06808004122676604,0.06808004122676604,404,coverage_proxy,activity_pedo
S2,wPedo_distance_nonnull_count,0.06808004122676604,0.06808004122676604,404,coverage_proxy,activity_pedo
S2,wPedo_row_count,0.06808004122676604,0.06808004122676604,404,coverage_proxy,activity_pedo
S2,wPedo_running_step_nonnull_count,0.06808004122676604,0.06808004122676604,404,coverage_proxy,activity_pedo
S2,wPedo_running_step_zero_count,0.06808004122676604,0.06808004122676604,404,coverage_proxy,activity_pedo
S2,wPedo_speed_nonnull_count,0.06808004122676604,0.06808004122676604,404,coverage_proxy,activity_pedo
S2,wPedo_step_frequency_nonnull_count,0.06808004122676604,0.06808004122676604,404,coverage_proxy,activity_pedo
S2,wPedo_step_nonnull_count,0.06808004122676604,0.06808004122676604,404,coverage_proxy,activity_pedo
S2,wPedo_walking_step_nonnull_count,0.06808004122676604,0.06808004122676604,404,coverage_proxy,activity_pedo
S2,wPedo_walking_step_zero_count,0.06808004122676604,0.06808004122676604,404,coverage_proxy,activity_pedo
S2,wPedo_burned_calories_std,-0.06504757499227946,0.06504757499227946,404,actual_behavior,activity_pedo
S2,mScreenStatus_m_screen_use_unique_count,0.0644704666112344,0.0644704666112344,450,coverage_proxy,screen
S2,mAmbience_m_ambience_object_len_nonnull_count,0.06422515142276353,0.06422515142276353,450,coverage_proxy,coverage_or_object_proxy
S2,mAmbience_m_ambience_object_len_nonzero_count,0.06422515142276353,0.06422515142276353,450,coverage_proxy,coverage_or_object_proxy
S2,mAmbience_m_ambience_object_len_sum,0.06422515142276353,0.06422515142276353,450,coverage_proxy,coverage_or_object_proxy
S2,mAmbience_row_count,0.06422515142276353,0.06422515142276353,450,coverage_proxy,coverage_or_object_proxy
S2,mLight_m_light_mean,-0.06390539494722977,0.06390539494722977,450,actual_behavior,light
S2,wLight_w_light_q95,-0.06365676961384927,0.06365676961384927,414,actual_behavior,light
S2,wLight_row_count,0.0632930168368679,0.0632930168368679,414,coverage_proxy,light
S2,wLight_w_light_nonnull_count,0.0632930168368679,0.0632930168368679,414,coverage_proxy,light
S2,wPedo_distance_zero_count,0.06144157936224946,0.06144157936224946,404,coverage_proxy,activity_pedo
S2,wPedo_speed_zero_count,0.06144157936224946,0.06144157936224946,404,coverage_proxy,activity_pedo
S2,wPedo_step_frequency_zero_count,0.06144157936224946,0.06144157936224946,404,coverage_proxy,activity_pedo
S2,wPedo_step_zero_count,0.06144157936224946,0.06144157936224946,404,coverage_proxy,activity_pedo
S2,wPedo_burned_calories_zero_count,0.06139662280550119,0.06139662280550119,404,coverage_proxy,activity_pedo
S2,wHr_heart_rate_object_len_nonnull_count,0.06112417585340845,0.06112417585340845,391,coverage_proxy,heart_rate
S2,wHr_heart_rate_object_len_nonzero_count,0.06112417585340845,0.06112417585340845,391,coverage_proxy,heart_rate
S2,wHr_heart_rate_object_len_sum,0.06112417585340845,0.06112417585340845,391,coverage_proxy,heart_rate
S2,wHr_row_count,0.06112417585340845,0.06112417585340845,391,coverage_proxy,heart_rate
S2,mLight_m_light_nonzero_count,-0.05822475310351528,0.05822475310351528,450,coverage_proxy,light
S2,wLight_w_light_q25,-0.05738744496493792,0.05738744496493792,414,actual_behavior,light
S2,mActivity_m_activity_value_4_ratio,-0.05602712802726435,0.05602712802726435,450,actual_behavior,activity_code
S2,mLight_m_light_q95,-0.05518369229978798,0.05518369229978798,450,actual_behavior,light
S2,wPedo_burned_calories_q75,0.05482345420988633,0.05482345420988633,404,actual_behavior,activity_pedo
S2,wPedo_distance_q75,0.05466385172310355,0.05466385172310355,404,actual_behavior,activity_pedo
S2,wPedo_speed_q75,0.05466385172310355,0.05466385172310355,404,actual_behavior,activity_pedo
S2,wPedo_step_frequency_q75,0.054505372470440544,0.054505372470440544,404,actual_behavior,activity_pedo
S2,wPedo_step_q75,0.054505372470440544,0.054505372470440544,404,actual_behavior,activity_pedo
S2,mActivity_m_activity_value_4_count,-0.05324678848874701,0.05324678848874701,450,actual_behavior,activity_code
S2,mLight_m_light_sum,-0.053066063706531434,0.053066063706531434,450,actual_behavior,light
S2,wLight_w_light_mean,-0.051950076540037964,0.051950076540037964,414,actual_behavior,light
S2,wLight_w_light_min,0.04980281065654063,0.04980281065654063,414,actual_behavior,light
S2,wLight_w_light_max,-0.04874598480837246,0.04874598480837246,414,actual_behavior,light
S2,mLight_m_light_q75,-0.046202901334326474,0.046202901334326474,450,actual_behavior,light
S2,wLight_w_light_std,-0.04588353799671116,0.04588353799671116,414,actual_behavior,light
S2,wPedo_burned_calories_sum,-0.04398755071252382,0.04398755071252382,404,actual_behavior,activity_pedo
S2,mACStatus_m_charging_value_0_count,-0.04190392262958183,0.04190392262958183,450,actual_behavior,charging
S2,mActivity_m_activity_value_1_count,0.04013269621112211,0.04013269621112211,450,actual_behavior,activity_code
S2,mActivity_m_activity_value_3_ratio,0.03768659150683909,0.03768659150683909,450,actual_behavior,activity_code
S2,wLight_w_light_q75,-0.03497438493259098,0.03497438493259098,414,actual_behavior,light
S2,mLight_m_light_min,0.03454560838895496,0.03454560838895496,450,actual_behavior,light
S2,mActivity_m_activity_value_1_ratio,0.03448990343113435,0.03448990343113435,450,actual_behavior,activity_code
S2,mLight_m_light_nonnull_count,0.029383703350307575,0.029383703350307575,450,coverage_proxy,light
S2,mLight_row_count,0.029383703350307575,0.029383703350307575,450,coverage_proxy,light
S2,wLight_w_light_q99,-0.028410223332046836,0.028410223332046836,414,actual_behavior,light
S2,mActivity_m_activity_value_3_count,0.02738566105466707,0.02738566105466707,450,actual_behavior,activity_code
S2,mUsageStats_m_usage_stats_object_len_nonnull_count,-0.02423937095913178,0.02423937095913178,440,coverage_proxy,app_usage
S2,mUsageStats_m_usage_stats_object_len_nonzero_count,-0.02423937095913178,0.02423937095913178,440,coverage_proxy,app_usage
S2,mUsageStats_m_usage_stats_object_len_sum,-0.02423937095913178,0.02423937095913178,440,coverage_proxy,app_usage
S2,mUsageStats_row_count,-0.02423937095913178,0.02423937095913178,440,coverage_proxy,app_usage
S2,mActivity_m_activity_value_0_count,0.022958286840192216,0.022958286840192216,450,actual_behavior,activity_code
S2,mActivity_m_activity_value_7_ratio,-0.02169865299577613,0.02169865299577613,450,actual_behavior,activity_code
S2,mACStatus_m_charging_unique_count,0.02101547458550511,0.02101547458550511,450,coverage_proxy,charging
S2,wPedo_step_frequency_max,-0.020679745793659474,0.020679745793659474,404,actual_behavior,activity_pedo
S2,wPedo_step_max,-0.020679745793659474,0.020679745793659474,404,actual_behavior,activity_pedo
S2,mLight_m_light_median,-0.019491635717828443,0.019491635717828443,450,actual_behavior,light
S2,wLight_w_light_zero_count,0.01691804411302221,0.01691804411302221,414,coverage_proxy,light
S2,wLight_w_light_median,0.01686389813713028,0.01686389813713028,414,actual_behavior,light
S2,wPedo_distance_sum,-0.015817518235756646,0.015817518235756646,404,actual_behavior,activity_pedo
S2,wPedo_speed_sum,-0.015817518235756646,0.015817518235756646,404,actual_behavior,activity_pedo
S2,mActivity_m_activity_unique_count,0.01533799836161141,0.01533799836161141,450,coverage_proxy,activity_code
S2,wPedo_distance_max,-0.014940017903963855,0.014940017903963855,404,actual_behavior,activity_pedo
S2,wPedo_speed_max,-0.014940017903963855,0.014940017903963855,404,actual_behavior,activity_pedo
S2,wPedo_step_sum,-0.014467521946260406,0.014467521946260406,404,actual_behavior,activity_pedo
S2,wPedo_step_frequency_sum,-0.014467520629535277,0.014467520629535277,404,actual_behavior,activity_pedo
S2,wPedo_burned_calories_max,-0.013027516204873798,0.013027516204873798,404,actual_behavior,activity_pedo
S2,mLight_m_light_q25,-0.011587247138092008,0.011587247138092008,450,actual_behavior,light
S2,wPedo_distance_nonzero_count,0.00924778757278373,0.00924778757278373,404,coverage_proxy,activity_pedo
S2,wPedo_speed_nonzero_count,0.00924778757278373,0.00924778757278373,404,coverage_proxy,activity_pedo
S2,wPedo_step_frequency_nonzero_count,0.00924778757278373,0.00924778757278373,404,coverage_proxy,activity_pedo
S2,wPedo_step_nonzero_count,0.00924778757278373,0.00924778757278373,404,coverage_proxy,activity_pedo
S2,wLight_w_light_sum,-0.008758031365927635,0.008758031365927635,414,actual_behavior,light
S2,mActivity_m_activity_value_0_ratio,0.00850825017585728,0.00850825017585728,450,actual_behavior,activity_code
S2,mActivity_m_activity_value_7_count,-0.006982002749669456,0.006982002749669456,450,actual_behavior,activity_code
S2,wPedo_burned_calories_nonzero_count,0.0065477545649408175,0.0065477545649408175,404,coverage_proxy,activity_pedo
S3,wPedo_burned_calories_zero_count,0.18241627100116237,0.18241627100116237,404,coverage_proxy,activity_pedo
S3,wPedo_distance_zero_count,0.1814056011996891,0.1814056011996891,404,coverage_proxy,activity_pedo
S3,wPedo_speed_zero_count,0.1814056011996891,0.1814056011996891,404,coverage_proxy,activity_pedo
S3,wPedo_step_frequency_zero_count,0.1814056011996891,0.1814056011996891,404,coverage_proxy,activity_pedo
S3,wPedo_step_zero_count,0.1814056011996891,0.1814056011996891,404,coverage_proxy,activity_pedo
S3,wPedo_burned_calories_nonnull_count,0.1807136928669873,0.1807136928669873,404,coverage_proxy,activity_pedo
S3,wPedo_distance_nonnull_count,0.1807136928669873,0.1807136928669873,404,coverage_proxy,activity_pedo
S3,wPedo_row_count,0.1807136928669873,0.1807136928669873,404,coverage_proxy,activity_pedo
S3,wPedo_running_step_nonnull_count,0.1807136928669873,0.1807136928669873,404,coverage_proxy,activity_pedo
S3,wPedo_running_step_zero_count,0.1807136928669873,0.1807136928669873,404,coverage_proxy,activity_pedo
S3,wPedo_speed_nonnull_count,0.1807136928669873,0.1807136928669873,404,coverage_proxy,activity_pedo
S3,wPedo_step_frequency_nonnull_count,0.1807136928669873,0.1807136928669873,404,coverage_proxy,activity_pedo
S3,wPedo_step_nonnull_count,0.1807136928669873,0.1807136928669873,404,coverage_proxy,activity_pedo
S3,wPedo_walking_step_nonnull_count,0.1807136928669873,0.1807136928669873,404,coverage_proxy,activity_pedo
S3,wPedo_walking_step_zero_count,0.1807136928669873,0.1807136928669873,404,coverage_proxy,activity_pedo
S3,wLight_w_light_nonzero_count,0.14142244751859556,0.14142244751859556,414,coverage_proxy,light
S3,mLight_m_light_median,0.12446468140498895,0.12446468140498895,450,actual_behavior,light
S3,mScreenStatus_m_screen_use_value_0_count,0.11464194060258232,0.11464194060258232,450,actual_behavior,screen
S3,mWifi_m_wifi_object_len_nonnull_count,0.10782909902259656,0.10782909902259656,439,coverage_proxy,coverage_or_object_proxy
S3,mWifi_m_wifi_object_len_nonzero_count,0.10782909902259656,0.10782909902259656,439,coverage_proxy,coverage_or_object_proxy
S3,mWifi_m_wifi_object_len_sum,0.10782909902259656,0.10782909902259656,439,coverage_proxy,coverage_or_object_proxy
S3,mWifi_row_count,0.10782909902259656,0.10782909902259656,439,coverage_proxy,coverage_or_object_proxy
S3,wHr_heart_rate_object_len_nonnull_count,0.10574810799051555,0.10574810799051555,391,coverage_proxy,heart_rate
S3,wHr_heart_rate_object_len_nonzero_count,0.10574810799051555,0.10574810799051555,391,coverage_proxy,heart_rate
S3,wHr_heart_rate_object_len_sum,0.10574810799051555,0.10574810799051555,391,coverage_proxy,heart_rate
S3,wHr_row_count,0.10574810799051555,0.10574810799051555,391,coverage_proxy,heart_rate
S3,mACStatus_m_charging_nonnull_count,0.104520752353834,0.104520752353834,450,coverage_proxy,charging
S3,mACStatus_row_count,0.104520752353834,0.104520752353834,450,coverage_proxy,charging
S3,mActivity_m_activity_nonnull_count,0.10270042114308268,0.10270042114308268,450,coverage_proxy,activity_code
S3,mActivity_row_count,0.10270042114308268,0.10270042114308268,450,coverage_proxy,activity_code
S3,wLight_w_light_median,0.09287984381623234,0.09287984381623234,414,actual_behavior,light
S3,mActivity_m_activity_value_3_count,0.09078751367785999,0.09078751367785999,450,actual_behavior,activity_code
S3,wLight_w_light_q25,0.0893793518982751,0.0893793518982751,414,actual_behavior,light
S3,mActivity_m_activity_value_4_ratio,-0.08819452989442558,0.08819452989442558,450,actual_behavior,activity_code
S3,mScreenStatus_m_screen_use_nonnull_count,0.08644859614311712,0.08644859614311712,450,coverage_proxy,screen
S3,mScreenStatus_row_count,0.08644859614311712,0.08644859614311712,450,coverage_proxy,screen
S3,mActivity_m_activity_value_4_count,-0.08640441253473687,0.08640441253473687,450,actual_behavior,activity_code
S3,mActivity_m_activity_unique_count,-0.08549420882900172,0.08549420882900172,450,coverage_proxy,activity_code
S3,mAmbience_m_ambience_object_len_nonnull_count,0.07836834238119283,0.07836834238119283,450,coverage_proxy,coverage_or_object_proxy
S3,mAmbience_m_ambience_object_len_nonzero_count,0.07836834238119283,0.07836834238119283,450,coverage_proxy,coverage_or_object_proxy
S3,mAmbience_m_ambience_object_len_sum,0.07836834238119283,0.07836834238119283,450,coverage_proxy,coverage_or_object_proxy
S3,mAmbience_row_count,0.07836834238119283,0.07836834238119283,450,coverage_proxy,coverage_or_object_proxy
S3,mScreenStatus_m_screen_use_value_0_ratio,0.07519757663887833,0.07519757663887833,450,actual_behavior,screen
S3,mScreenStatus_m_screen_use_value_1_ratio,-0.07519757663887833,0.07519757663887833,450,actual_behavior,screen
S3,wPedo_step_frequency_q75,-0.07408115242598722,0.07408115242598722,404,actual_behavior,activity_pedo
S3,wPedo_step_q75,-0.07408115242598722,0.07408115242598722,404,actual_behavior,activity_pedo
S3,wPedo_distance_q75,-0.07407962577871802,0.07407962577871802,404,actual_behavior,activity_pedo
S3,wPedo_speed_q75,-0.07407962577871802,0.07407962577871802,404,actual_behavior,activity_pedo
S3,wPedo_burned_calories_q75,-0.07360169270917791,0.07360169270917791,404,actual_behavior,activity_pedo
S3,mLight_m_light_q99,-0.07262948967547388,0.07262948967547388,450,actual_behavior,light
S3,wLight_w_light_q75,0.07046766227608121,0.07046766227608121,414,actual_behavior,light
S3,mLight_m_light_max,-0.07036895794010828,0.07036895794010828,450,actual_behavior,light
S3,mLight_m_light_std,-0.07024226078820409,0.07024226078820409,450,actual_behavior,light
S3,wPedo_step_frequency_mean,-0.06924090196677789,0.06924090196677789,404,actual_behavior,activity_pedo
S3,wPedo_step_mean,-0.06924090196677789,0.06924090196677789,404,actual_behavior,activity_pedo
S3,mLight_m_light_nonzero_count,0.06898603893207478,0.06898603893207478,450,coverage_proxy,light
S3,wLight_w_light_zero_count,-0.06670219646620199,0.06670219646620199,414,coverage_proxy,light
S3,mScreenStatus_m_screen_use_unique_count,0.06607895519939624,0.06607895519939624,450,coverage_proxy,screen
S3,wPedo_distance_mean,-0.065018621859819,0.065018621859819,404,actual_behavior,activity_pedo
S3,wPedo_speed_mean,-0.065018621859819,0.065018621859819,404,actual_behavior,activity_pedo
S3,mActivity_m_activity_value_3_ratio,0.06168832743618661,0.06168832743618661,450,actual_behavior,activity_code
S3,wLight_row_count,0.061136455700521695,0.061136455700521695,414,coverage_proxy,light
S3,wLight_w_light_nonnull_count,0.061136455700521695,0.061136455700521695,414,coverage_proxy,light
S3,wLight_w_light_std,-0.060027387120595,0.060027387120595,414,actual_behavior,light
S3,wLight_w_light_max,-0.05904655766068067,0.05904655766068067,414,actual_behavior,light
S3,mBle_m_ble_object_len_nonnull_count,-0.058762462695685413,0.058762462695685413,416,coverage_proxy,coverage_or_object_proxy
S3,mBle_m_ble_object_len_nonzero_count,-0.058762462695685413,0.058762462695685413,416,coverage_proxy,coverage_or_object_proxy
S3,mBle_m_ble_object_len_sum,-0.058762462695685413,0.058762462695685413,416,coverage_proxy,coverage_or_object_proxy
S3,mBle_row_count,-0.058762462695685413,0.058762462695685413,416,coverage_proxy,coverage_or_object_proxy
S3,mUsageStats_m_usage_stats_object_len_nonnull_count,0.05759942704001745,0.05759942704001745,440,coverage_proxy,app_usage
S3,mUsageStats_m_usage_stats_object_len_nonzero_count,0.05759942704001745,0.05759942704001745,440,coverage_proxy,app_usage
S3,mUsageStats_m_usage_stats_object_len_sum,0.05759942704001745,0.05759942704001745,440,coverage_proxy,app_usage
S3,mUsageStats_row_count,0.05759942704001745,0.05759942704001745,440,coverage_proxy,app_usage
S3,mActivity_m_activity_value_1_ratio,-0.05214653787762106,0.05214653787762106,450,actual_behavior,activity_code
S3,mScreenStatus_m_screen_use_value_1_count,-0.05183222129634939,0.05183222129634939,450,actual_behavior,screen
S3,wPedo_burned_calories_mean,-0.05158817768981149,0.05158817768981149,404,actual_behavior,activity_pedo
S3,wLight_w_light_min,0.05007181679629759,0.05007181679629759,414,actual_behavior,light
S3,wPedo_burned_calories_q95,-0.0493682969304824,0.0493682969304824,404,actual_behavior,activity_pedo
S3,mActivity_m_activity_value_1_count,-0.04584766325910544,0.04584766325910544,450,actual_behavior,activity_code
S3,wLight_w_light_q95,-0.043331173884859187,0.043331173884859187,414,actual_behavior,light
S3,wPedo_step_frequency_q95,-0.04327546225253787,0.04327546225253787,404,actual_behavior,activity_pedo
S3,wPedo_step_q95,-0.04327546225253787,0.04327546225253787,404,actual_behavior,activity_pedo
S3,wPedo_distance_q95,-0.04320466917934731,0.04320466917934731,404,actual_behavior,activity_pedo
S3,wPedo_speed_q95,-0.04320466917934731,0.04320466917934731,404,actual_behavior,activity_pedo
S3,mLight_m_light_q95,-0.040618987871717825,0.040618987871717825,450,actual_behavior,light
S3,mActivity_m_activity_value_8_ratio,-0.040043722409814075,0.040043722409814075,450,actual_behavior,activity_code
S3,wLight_w_light_q99,-0.039876132709988965,0.039876132709988965,414,actual_behavior,light
S3,mActivity_m_activity_value_7_ratio,-0.0397365575859806,0.0397365575859806,450,actual_behavior,activity_code
S3,wPedo_burned_calories_q99,-0.03512928616420089,0.03512928616420089,404,actual_behavior,activity_pedo
S3,mActivity_m_activity_value_8_count,-0.03450185773131214,0.03450185773131214,450,actual_behavior,activity_code
S3,mLight_m_light_min,0.0337047019809001,0.0337047019809001,450,actual_behavior,light
S3,mLight_m_light_q75,0.032355691563468715,0.032355691563468715,450,actual_behavior,light
S3,wPedo_burned_calories_max,0.03182431625577418,0.03182431625577418,404,actual_behavior,activity_pedo
S3,wPedo_step_frequency_std,-0.02850039072197248,0.02850039072197248,404,actual_behavior,activity_pedo
S3,wPedo_step_std,-0.02850039072197248,0.02850039072197248,404,actual_behavior,activity_pedo
S3,mActivity_m_activity_value_7_count,-0.025015333930424773,0.025015333930424773,450,actual_behavior,activity_code
S3,mLight_m_light_nonnull_count,0.024576249993011414,0.024576249993011414,450,coverage_proxy,light
S3,mLight_row_count,0.024576249993011414,0.024576249993011414,450,coverage_proxy,light
S3,mLight_m_light_zero_count,-0.02421911080836401,0.02421911080836401,450,coverage_proxy,light
S3,mACStatus_m_charging_value_1_count,0.023890505409494348,0.023890505409494348,450,actual_behavior,charging
S3,wPedo_distance_std,-0.02284073866370844,0.02284073866370844,404,actual_behavior,activity_pedo
S3,wPedo_speed_std,-0.02284073866370844,0.02284073866370844,404,actual_behavior,activity_pedo
S3,mGps_m_gps_object_len_nonnull_count,0.02226114870036396,0.02226114870036396,425,coverage_proxy,coverage_or_object_proxy
S3,mGps_m_gps_object_len_nonzero_count,0.02226114870036396,0.02226114870036396,425,coverage_proxy,coverage_or_object_proxy
S3,mGps_m_gps_object_len_sum,0.02226114870036396,0.02226114870036396,425,coverage_proxy,coverage_or_object_proxy
S3,mGps_row_count,0.02226114870036396,0.02226114870036396,425,coverage_proxy,coverage_or_object_proxy
S3,wLight_w_light_mean,-0.020108641582494164,0.020108641582494164,414,actual_behavior,light
S3,mLight_m_light_mean,-0.019170132964854876,0.019170132964854876,450,actual_behavior,light
S3,mActivity_m_activity_value_0_count,0.01747429929650026,0.01747429929650026,450,actual_behavior,activity_code
S3,mACStatus_m_charging_value_0_count,0.01634895261728744,0.01634895261728744,450,actual_behavior,charging
S3,mACStatus_m_charging_unique_count,-0.013837672216307727,0.013837672216307727,450,coverage_proxy,charging
S3,wPedo_distance_max,0.010578159685508386,0.010578159685508386,404,actual_behavior,activity_pedo
S3,wPedo_speed_max,0.010578159685508386,0.010578159685508386,404,actual_behavior,activity_pedo
S3,mLight_m_light_sum,-0.008355284367700899,0.008355284367700899,450,actual_behavior,light
S3,wPedo_distance_sum,0.007254236566743191,0.007254236566743191,404,actual_behavior,activity_pedo
S3,wPedo_speed_sum,0.007254236566743191,0.007254236566743191,404,actual_behavior,activity_pedo
S3,mLight_m_light_q25,-0.007217616616519005,0.007217616616519005,450,actual_behavior,light
S3,wLight_w_light_sum,-0.007186227465332072,0.007186227465332072,414,actual_behavior,light
S3,wPedo_burned_calories_std,-0.007029647199351762,0.007029647199351762,404,actual_behavior,activity_pedo
S3,wPedo_burned_calories_sum,0.007029647199351762,0.007029647199351762,404,actual_behavior,activity_pedo
S3,wPedo_distance_nonzero_count,0.0051432505203823555,0.0051432505203823555,404,coverage_proxy,activity_pedo
S3,wPedo_speed_nonzero_count,0.0051432505203823555,0.0051432505203823555,404,coverage_proxy,activity_pedo
S3,wPedo_step_frequency_nonzero_count,0.0051432505203823555,0.0051432505203823555,404,coverage_proxy,activity_pedo
S3,wPedo_step_nonzero_count,0.0051432505203823555,0.0051432505203823555,404,coverage_proxy,activity_pedo
S3,wPedo_step_frequency_q99,0.005031220370866318,0.005031220370866318,404,actual_behavior,activity_pedo
S3,wPedo_step_q99,0.005031220370866318,0.005031220370866318,404,actual_behavior,activity_pedo
S3,wPedo_burned_calories_nonzero_count,-0.00354864587874354,0.00354864587874354,404,coverage_proxy,activity_pedo
S3,mACStatus_m_charging_value_0_ratio,-0.0033819077185277104,0.0033819077185277104,450,actual_behavior,charging
S3,mACStatus_m_charging_value_1_ratio,0.0033819077185277104,0.0033819077185277104,450,actual_behavior,charging
S3,wPedo_distance_q99,0.003324188885466938,0.003324188885466938,404,actual_behavior,activity_pedo
S3,wPedo_speed_q99,0.003324188885466938,0.003324188885466938,404,actual_behavior,activity_pedo
S3,wPedo_step_frequency_sum,0.003211628830592015,0.003211628830592015,404,actual_behavior,activity_pedo
S3,wPedo_step_sum,0.003189170177975047,0.003189170177975047,404,actual_behavior,activity_pedo
S3,mActivity_m_activity_value_0_ratio,0.0002351575746676904,0.0002351575746676904,450,actual_behavior,activity_code
S3,wPedo_step_frequency_max,-0.00020215215108171326,0.00020215215108171326,404,actual_behavior,activity_pedo
S3,wPedo_step_max,-0.00020215215108171326,0.00020215215108171326,404,actual_behavior,activity_pedo
S4,wPedo_burned_calories_nonzero_count,-0.13723018813744553,0.13723018813744553,404,coverage_proxy,activity_pedo
S4,mUsageStats_m_usage_stats_object_len_nonnull_count,-0.1365254974744277,0.1365254974744277,440,coverage_proxy,app_usage
S4,mUsageStats_m_usage_stats_object_len_nonzero_count,-0.1365254974744277,0.1365254974744277,440,coverage_proxy,app_usage
S4,mUsageStats_m_usage_stats_object_len_sum,-0.1365254974744277,0.1365254974744277,440,coverage_proxy,app_usage
S4,mUsageStats_row_count,-0.1365254974744277,0.1365254974744277,440,coverage_proxy,app_usage
S4,mActivity_m_activity_value_8_count,0.13587220938258848,0.13587220938258848,450,actual_behavior,activity_code
S4,wPedo_distance_nonzero_count,-0.13544329126437185,0.13544329126437185,404,coverage_proxy,activity_pedo
S4,wPedo_speed_nonzero_count,-0.13544329126437185,0.13544329126437185,404,coverage_proxy,activity_pedo
S4,wPedo_step_frequency_nonzero_count,-0.13544329126437185,0.13544329126437185,404,coverage_proxy,activity_pedo
S4,wPedo_step_nonzero_count,-0.13544329126437185,0.13544329126437185,404,coverage_proxy,activity_pedo
S4,mBle_m_ble_object_len_nonnull_count,-0.13486846397321417,0.13486846397321417,416,coverage_proxy,coverage_or_object_proxy
S4,mBle_m_ble_object_len_nonzero_count,-0.13486846397321417,0.13486846397321417,416,coverage_proxy,coverage_or_object_proxy
S4,mBle_m_ble_object_len_sum,-0.13486846397321417,0.13486846397321417,416,coverage_proxy,coverage_or_object_proxy
S4,mBle_row_count,-0.13486846397321417,0.13486846397321417,416,coverage_proxy,coverage_or_object_proxy
S4,mActivity_m_activity_value_8_ratio,0.1347731158627433,0.1347731158627433,450,actual_behavior,activity_code
S4,wPedo_step_sum,-0.1264888889662576,0.1264888889662576,404,actual_behavior,activity_pedo
S4,wPedo_step_frequency_sum,-0.1264673620812597,0.1264673620812597,404,actual_behavior,activity_pedo
S4,wPedo_burned_calories_q95,-0.1242796802939978,0.1242796802939978,404,actual_behavior,activity_pedo
S4,mScreenStatus_m_screen_use_value_1_count,-0.1221189687937208,0.1221189687937208,450,actual_behavior,screen
S4,mScreenStatus_m_screen_use_value_0_ratio,0.12056695548453089,0.12056695548453089,450,actual_behavior,screen
S4,mScreenStatus_m_screen_use_value_1_ratio,-0.12056695548453089,0.12056695548453089,450,actual_behavior,screen
S4,wPedo_step_frequency_mean,-0.12024938647197209,0.12024938647197209,404,actual_behavior,activity_pedo
S4,wPedo_step_mean,-0.12024938647197209,0.12024938647197209,404,actual_behavior,activity_pedo
S4,wPedo_distance_sum,-0.11818391123466498,0.11818391123466498,404,actual_behavior,activity_pedo
S4,wPedo_speed_sum,-0.11818391123466498,0.11818391123466498,404,actual_behavior,activity_pedo
S4,wPedo_burned_calories_sum,-0.11796875756411217,0.11796875756411217,404,actual_behavior,activity_pedo
S4,wPedo_burned_calories_mean,-0.11762451169122765,0.11762451169122765,404,actual_behavior,activity_pedo
S4,wPedo_step_frequency_q95,-0.11720704621298238,0.11720704621298238,404,actual_behavior,activity_pedo
S4,wPedo_step_q95,-0.11720704621298238,0.11720704621298238,404,actual_behavior,activity_pedo
S4,mWifi_m_wifi_object_len_nonnull_count,0.11635568686576779,0.11635568686576779,439,coverage_proxy,coverage_or_object_proxy
S4,mWifi_m_wifi_object_len_nonzero_count,0.11635568686576779,0.11635568686576779,439,coverage_proxy,coverage_or_object_proxy
S4,mWifi_m_wifi_object_len_sum,0.11635568686576779,0.11635568686576779,439,coverage_proxy,coverage_or_object_proxy
S4,mWifi_row_count,0.11635568686576779,0.11635568686576779,439,coverage_proxy,coverage_or_object_proxy
S4,wPedo_distance_mean,-0.11362265341894517,0.11362265341894517,404,actual_behavior,activity_pedo
S4,wPedo_speed_mean,-0.11362265341894517,0.11362265341894517,404,actual_behavior,activity_pedo
S4,mScreenStatus_m_screen_use_value_0_count,0.11274486164280638,0.11274486164280638,450,actual_behavior,screen
S4,mACStatus_m_charging_value_0_count,-0.11267560600742224,0.11267560600742224,450,actual_behavior,charging
S4,wPedo_distance_q95,-0.11206241347548089,0.11206241347548089,404,actual_behavior,activity_pedo
S4,wPedo_speed_q95,-0.11206241347548089,0.11206241347548089,404,actual_behavior,activity_pedo
S4,mACStatus_m_charging_value_1_count,0.10080346167715878,0.10080346167715878,450,actual_behavior,charging
S4,mACStatus_m_charging_value_0_ratio,-0.10052721050889811,0.10052721050889811,450,actual_behavior,charging
S4,mACStatus_m_charging_value_1_ratio,0.10052721050889811,0.10052721050889811,450,actual_behavior,charging
S4,wPedo_burned_calories_std,-0.09335517765286935,0.09335517765286935,404,actual_behavior,activity_pedo
S4,mActivity_m_activity_value_4_count,-0.08663384606098244,0.08663384606098244,450,actual_behavior,activity_code
S4,mLight_m_light_q95,-0.08620786886246702,0.08620786886246702,450,actual_behavior,light
S4,mActivity_m_activity_value_4_ratio,-0.0861080510863484,0.0861080510863484,450,actual_behavior,activity_code
S4,wLight_w_light_zero_count,-0.08462884189414048,0.08462884189414048,414,coverage_proxy,light
S4,wLight_w_light_median,0.0805498571939042,0.0805498571939042,414,actual_behavior,light
S4,wPedo_burned_calories_q99,-0.07937811823706772,0.07937811823706772,404,actual_behavior,activity_pedo
S4,wLight_w_light_nonzero_count,0.07911364645029294,0.07911364645029294,414,coverage_proxy,light
S4,mActivity_m_activity_unique_count,0.07597352364829969,0.07597352364829969,450,coverage_proxy,activity_code
S4,wLight_w_light_q99,0.07523210588065153,0.07523210588065153,414,actual_behavior,light
S4,wPedo_burned_calories_q75,-0.07516430211702142,0.07516430211702142,404,actual_behavior,activity_pedo
S4,wPedo_step_frequency_q75,-0.07486060908251561,0.07486060908251561,404,actual_behavior,activity_pedo
S4,wPedo_step_q75,-0.07486060908251561,0.07486060908251561,404,actual_behavior,activity_pedo
S4,wPedo_distance_q75,-0.07424859488310848,0.07424859488310848,404,actual_behavior,activity_pedo
S4,wPedo_speed_q75,-0.07424859488310848,0.07424859488310848,404,actual_behavior,activity_pedo
S4,mActivity_m_activity_value_1_count,0.07145392881514413,0.07145392881514413,450,actual_behavior,activity_code
S4,mActivity_m_activity_value_1_ratio,0.07115462628882094,0.07115462628882094,450,actual_behavior,activity_code
S4,wPedo_step_frequency_std,-0.07059191930838082,0.07059191930838082,404,actual_behavior,activity_pedo
S4,wPedo_step_std,-0.07059191930838082,0.07059191930838082,404,actual_behavior,activity_pedo
S4,mAmbience_m_ambience_object_len_nonnull_count,0.06851937585188118,0.06851937585188118,450,coverage_proxy,coverage_or_object_proxy
S4,mAmbience_m_ambience_object_len_nonzero_count,0.06851937585188118,0.06851937585188118,450,coverage_proxy,coverage_or_object_proxy
S4,mAmbience_m_ambience_object_len_sum,0.06851937585188118,0.06851937585188118,450,coverage_proxy,coverage_or_object_proxy
S4,mAmbience_row_count,0.06851937585188118,0.06851937585188118,450,coverage_proxy,coverage_or_object_proxy
S4,wPedo_step_frequency_q99,-0.06827393929502629,0.06827393929502629,404,actual_behavior,activity_pedo
S4,wPedo_step_q99,-0.06827393929502629,0.06827393929502629,404,actual_behavior,activity_pedo
S4,mActivity_m_activity_nonnull_count,0.06356994442144755,0.06356994442144755,450,coverage_proxy,activity_code
S4,mActivity_row_count,0.06356994442144755,0.06356994442144755,450,coverage_proxy,activity_code
S4,wPedo_burned_calories_max,-0.060565763772856995,0.060565763772856995,404,actual_behavior,activity_pedo
S4,wPedo_distance_std,-0.059920297248960856,0.059920297248960856,404,actual_behavior,activity_pedo
S4,wPedo_speed_std,-0.059920297248960856,0.059920297248960856,404,actual_behavior,activity_pedo
S4,wPedo_distance_q99,-0.059193515823248395,0.059193515823248395,404,actual_behavior,activity_pedo
S4,wPedo_speed_q99,-0.059193515823248395,0.059193515823248395,404,actual_behavior,activity_pedo
S4,mLight_m_light_q75,-0.05825972422934019,0.05825972422934019,450,actual_behavior,light
S4,mActivity_m_activity_value_3_ratio,0.05615684455543703,0.05615684455543703,450,actual_behavior,activity_code
S4,mLight_m_light_q99,-0.05569134428784742,0.05569134428784742,450,actual_behavior,light
S4,mActivity_m_activity_value_3_count,0.05534711685979249,0.05534711685979249,450,actual_behavior,activity_code
S4,mScreenStatus_m_screen_use_unique_count,0.05324079168428914,0.05324079168428914,450,coverage_proxy,screen
S4,wHr_heart_rate_object_len_nonnull_count,-0.0511296953336114,0.0511296953336114,391,coverage_proxy,heart_rate
S4,wHr_heart_rate_object_len_nonzero_count,-0.0511296953336114,0.0511296953336114,391,coverage_proxy,heart_rate
S4,wHr_heart_rate_object_len_sum,-0.0511296953336114,0.0511296953336114,391,coverage_proxy,heart_rate
S4,wHr_row_count,-0.0511296953336114,0.0511296953336114,391,coverage_proxy,heart_rate
S4,mScreenStatus_m_screen_use_nonnull_count,0.04889211651010636,0.04889211651010636,450,coverage_proxy,screen
S4,mScreenStatus_row_count,0.04889211651010636,0.04889211651010636,450,coverage_proxy,screen
S4,mLight_m_light_max,-0.04240612246405569,0.04240612246405569,450,actual_behavior,light
S4,mLight_m_light_sum,-0.04204420517172617,0.04204420517172617,450,actual_behavior,light
S4,mLight_m_light_min,0.04183205060908433,0.04183205060908433,450,actual_behavior,light
S4,mLight_m_light_nonnull_count,0.04101372313921051,0.04101372313921051,450,coverage_proxy,light
S4,mLight_row_count,0.04101372313921051,0.04101372313921051,450,coverage_proxy,light
S4,mLight_m_light_std,-0.038942583478729975,0.038942583478729975,450,actual_behavior,light
S4,mLight_m_light_mean,-0.03883919608896343,0.03883919608896343,450,actual_behavior,light
S4,mGps_m_gps_object_len_nonnull_count,0.035295214925922636,0.035295214925922636,425,coverage_proxy,coverage_or_object_proxy
S4,mGps_m_gps_object_len_nonzero_count,0.035295214925922636,0.035295214925922636,425,coverage_proxy,coverage_or_object_proxy
S4,mGps_m_gps_object_len_sum,0.035295214925922636,0.035295214925922636,425,coverage_proxy,coverage_or_object_proxy
S4,mGps_row_count,0.035295214925922636,0.035295214925922636,425,coverage_proxy,coverage_or_object_proxy
S4,wLight_w_light_q75,-0.034037283844895246,0.034037283844895246,414,actual_behavior,light
S4,wLight_w_light_q25,0.033563668820522405,0.033563668820522405,414,actual_behavior,light
S4,wPedo_burned_calories_nonnull_count,-0.031194974102500918,0.031194974102500918,404,coverage_proxy,activity_pedo
S4,wPedo_distance_nonnull_count,-0.031194974102500918,0.031194974102500918,404,coverage_proxy,activity_pedo
S4,wPedo_row_count,-0.031194974102500918,0.031194974102500918,404,coverage_proxy,activity_pedo
S4,wPedo_running_step_nonnull_count,-0.031194974102500918,0.031194974102500918,404,coverage_proxy,activity_pedo
S4,wPedo_running_step_zero_count,-0.031194974102500918,0.031194974102500918,404,coverage_proxy,activity_pedo
S4,wPedo_speed_nonnull_count,-0.031194974102500918,0.031194974102500918,404,coverage_proxy,activity_pedo
S4,wPedo_step_frequency_nonnull_count,-0.031194974102500918,0.031194974102500918,404,coverage_proxy,activity_pedo
S4,wPedo_step_nonnull_count,-0.031194974102500918,0.031194974102500918,404,coverage_proxy,activity_pedo
S4,wPedo_walking_step_nonnull_count,-0.031194974102500918,0.031194974102500918,404,coverage_proxy,activity_pedo
S4,wPedo_walking_step_zero_count,-0.031194974102500918,0.031194974102500918,404,coverage_proxy,activity_pedo
S4,wLight_w_light_q95,-0.031028772740716724,0.031028772740716724,414,actual_behavior,light
S4,mACStatus_m_charging_nonnull_count,0.029311411640861953,0.029311411640861953,450,coverage_proxy,charging
S4,mACStatus_row_count,0.029311411640861953,0.029311411640861953,450,coverage_proxy,charging
S4,mLight_m_light_q25,0.027826766808961755,0.027826766808961755,450,actual_behavior,light
S4,wLight_row_count,-0.027249495606314143,0.027249495606314143,414,coverage_proxy,light
S4,wLight_w_light_nonnull_count,-0.027249495606314143,0.027249495606314143,414,coverage_proxy,light
S4,mLight_m_light_median,0.02626053003579035,0.02626053003579035,450,actual_behavior,light
S4,wLight_w_light_std,0.025962509279778154,0.025962509279778154,414,actual_behavior,light
S4,wPedo_distance_max,0.024097212198489003,0.024097212198489003,404,actual_behavior,activity_pedo
S4,wPedo_speed_max,0.024097212198489003,0.024097212198489003,404,actual_behavior,activity_pedo
S4,wLight_w_light_mean,0.017138115881773306,0.017138115881773306,414,actual_behavior,light
S4,mLight_m_light_zero_count,-0.01569976148935494,0.01569976148935494,450,coverage_proxy,light
S4,wPedo_distance_zero_count,0.013897571895076725,0.013897571895076725,404,coverage_proxy,activity_pedo
S4,wPedo_speed_zero_count,0.013897571895076725,0.013897571895076725,404,coverage_proxy,activity_pedo
S4,wPedo_step_frequency_zero_count,0.013897571895076725,0.013897571895076725,404,coverage_proxy,activity_pedo
S4,wPedo_step_zero_count,0.013897571895076725,0.013897571895076725,404,coverage_proxy,activity_pedo
S4,wPedo_burned_calories_zero_count,0.012886456451463567,0.012886456451463567,404,coverage_proxy,activity_pedo
S4,wLight_w_light_sum,0.011847565711186137,0.011847565711186137,414,actual_behavior,light
S4,wLight_w_light_min,-0.010375383299584765,0.010375383299584765,414,actual_behavior,light
S4,mLight_m_light_nonzero_count,0.009754252916061447,0.009754252916061447,450,coverage_proxy,light
S4,mActivity_m_activity_value_7_count,-0.009375190145360496,0.009375190145360496,450,actual_behavior,activity_code
S4,wLight_w_light_max,0.00892653965779218,0.00892653965779218,414,actual_behavior,light
S4,wPedo_step_frequency_max,0.007853952850584189,0.007853952850584189,404,actual_behavior,activity_pedo
S4,wPedo_step_max,0.007853952850584189,0.007853952850584189,404,actual_behavior,activity_pedo
S4,mActivity_m_activity_value_0_count,-0.004050303490911229,0.004050303490911229,450,actual_behavior,activity_code
S4,mACStatus_m_charging_unique_count,-0.002894134778384553,0.002894134778384553,450,coverage_proxy,charging
S4,mActivity_m_activity_value_0_ratio,0.0023439675172847543,0.0023439675172847543,450,actual_behavior,activity_code
S4,mActivity_m_activity_value_7_ratio,-0.001482025566998233,0.001482025566998233,450,actual_behavior,activity_code
