target,feature,subject_adjusted_spearman,abs_subject_adjusted_spearman,n,feature_type,semantic_group
Q1,wPedo_burned_calories_q75,0.22708256054783063,0.22708256054783063,404,actual_behavior,activity_pedo
Q1,mLight_m_light_q25,-0.22232803823270317,0.22232803823270317,450,actual_behavior,light
Q1,wPedo_step_frequency_q75,0.19908516615534777,0.19908516615534777,404,actual_behavior,activity_pedo
Q1,wPedo_step_q75,0.19908516615534777,0.19908516615534777,404,actual_behavior,activity_pedo
Q1,wPedo_distance_q75,0.1931559117818118,0.1931559117818118,404,actual_behavior,activity_pedo
Q1,wPedo_speed_q75,0.1931559117818118,0.1931559117818118,404,actual_behavior,activity_pedo
Q1,wLight_w_light_q25,-0.17015875321758178,0.17015875321758178,414,actual_behavior,light
Q1,wLight_w_light_median,-0.15896499044734322,0.15896499044734322,414,actual_behavior,light
Q1,mLight_m_light_min,-0.15652874016607177,0.15652874016607177,450,actual_behavior,light
Q1,wLight_w_light_zero_count,0.12880715298184123,0.12880715298184123,414,coverage_proxy,light
Q1,mLight_m_light_median,-0.11881859261321087,0.11881859261321087,450,actual_behavior,light
Q1,mScreenStatus_m_screen_use_unique_count,-0.11614394864259829,0.11614394864259829,450,coverage_proxy,screen
Q1,wLight_w_light_q75,-0.11181095500771256,0.11181095500771256,414,actual_behavior,light
Q1,mACStatus_m_charging_unique_count,0.11031883339844395,0.11031883339844395,450,coverage_proxy,charging
Q1,wPedo_burned_calories_q95,-0.10880337228376372,0.10880337228376372,404,actual_behavior,activity_pedo
Q1,mLight_m_light_zero_count,0.10847463556638567,0.10847463556638567,450,coverage_proxy,light
Q1,wPedo_distance_q95,-0.09765034004483059,0.09765034004483059,404,actual_behavior,activity_pedo
Q1,wPedo_speed_q95,-0.09765034004483059,0.09765034004483059,404,actual_behavior,activity_pedo
Q1,wPedo_step_frequency_q95,-0.09694327464045205,0.09694327464045205,404,actual_behavior,activity_pedo
Q1,wPedo_step_q95,-0.09694327464045205,0.09694327464045205,404,actual_behavior,activity_pedo
Q1,wPedo_distance_std,-0.09390908562953824,0.09390908562953824,404,actual_behavior,activity_pedo
Q1,wPedo_speed_std,-0.09390908562953824,0.09390908562953824,404,actual_behavior,activity_pedo
Q1,wPedo_step_frequency_std,-0.09280842777046946,0.09280842777046946,404,actual_behavior,activity_pedo
Q1,wPedo_step_std,-0.09280842777046946,0.09280842777046946,404,actual_behavior,activity_pedo
Q1,wPedo_burned_calories_mean,-0.09232459407142704,0.09232459407142704,404,actual_behavior,activity_pedo
Q1,wPedo_distance_mean,-0.08122540526253527,0.08122540526253527,404,actual_behavior,activity_pedo
Q1,wPedo_speed_mean,-0.08122540526253527,0.08122540526253527,404,actual_behavior,activity_pedo
Q1,mScreenStatus_m_screen_use_value_0_count,0.078755628693388,0.078755628693388,450,actual_behavior,screen
Q1,wPedo_step_frequency_mean,-0.078167080418852,0.078167080418852,404,actual_behavior,activity_pedo
Q1,wPedo_step_mean,-0.078167080418852,0.078167080418852,404,actual_behavior,activity_pedo
Q1,wPedo_distance_q99,-0.07791505079006068,0.07791505079006068,404,actual_behavior,activity_pedo
Q1,wPedo_speed_q99,-0.07791505079006068,0.07791505079006068,404,actual_behavior,activity_pedo
Q1,wPedo_step_frequency_q99,-0.07743827014350728,0.07743827014350728,404,actual_behavior,activity_pedo
Q1,wPedo_step_q99,-0.07743827014350728,0.07743827014350728,404,actual_behavior,activity_pedo
Q1,mActivity_m_activity_value_0_count,0.07669475030505385,0.07669475030505385,450,actual_behavior,activity_code
Q1,mACStatus_m_charging_value_1_count,0.07473089938197718,0.07473089938197718,450,actual_behavior,charging
Q1,mActivity_m_activity_value_1_count,0.07223964040545504,0.07223964040545504,450,actual_behavior,activity_code
Q1,mLight_m_light_q75,-0.0703025979709029,0.0703025979709029,450,actual_behavior,light
Q1,mActivity_m_activity_value_1_ratio,0.06963680570378386,0.06963680570378386,450,actual_behavior,activity_code
Q1,wPedo_burned_calories_q99,-0.06780344615250838,0.06780344615250838,404,actual_behavior,activity_pedo
Q1,wLight_w_light_mean,-0.0668259490571306,0.0668259490571306,414,actual_behavior,light
Q1,mScreenStatus_m_screen_use_nonnull_count,0.06265575775542473,0.06265575775542473,450,coverage_proxy,screen
Q1,mScreenStatus_row_count,0.06265575775542473,0.06265575775542473,450,coverage_proxy,screen
Q1,mACStatus_m_charging_value_0_ratio,-0.0584666920763058,0.0584666920763058,450,actual_behavior,charging
Q1,mACStatus_m_charging_value_1_ratio,0.0584666920763058,0.0584666920763058,450,actual_behavior,charging
Q1,mLight_m_light_max,0.05732354936921227,0.05732354936921227,450,actual_behavior,light
Q1,wPedo_burned_calories_sum,-0.0552765872628565,0.0552765872628565,404,actual_behavior,activity_pedo
Q1,mScreenStatus_m_screen_use_value_0_ratio,0.055134240247961104,0.055134240247961104,450,actual_behavior,screen
Q1,mScreenStatus_m_screen_use_value_1_ratio,-0.055134240247961104,0.055134240247961104,450,actual_behavior,screen
Q1,mActivity_m_activity_value_0_ratio,0.05312781599130104,0.05312781599130104,450,actual_behavior,activity_code
Q1,mActivity_m_activity_unique_count,-0.051668146513305764,0.051668146513305764,450,coverage_proxy,activity_code
Q1,wLight_row_count,0.0502313957890488,0.0502313957890488,414,coverage_proxy,light
Q1,wLight_w_light_nonnull_count,0.0502313957890488,0.0502313957890488,414,coverage_proxy,light
Q1,mActivity_m_activity_nonnull_count,0.04874899649785981,0.04874899649785981,450,coverage_proxy,activity_code
Q1,mActivity_row_count,0.04874899649785981,0.04874899649785981,450,coverage_proxy,activity_code
Q1,wPedo_burned_calories_std,-0.04823000701828751,0.04823000701828751,404,actual_behavior,activity_pedo
Q1,mAmbience_m_ambience_object_len_nonnull_count,0.0466119405102634,0.0466119405102634,450,coverage_proxy,coverage_or_object_proxy
Q1,mAmbience_m_ambience_object_len_nonzero_count,0.0466119405102634,0.0466119405102634,450,coverage_proxy,coverage_or_object_proxy
Q1,mAmbience_m_ambience_object_len_sum,0.0466119405102634,0.0466119405102634,450,coverage_proxy,coverage_or_object_proxy
Q1,mAmbience_row_count,0.0466119405102634,0.0466119405102634,450,coverage_proxy,coverage_or_object_proxy
Q1,wPedo_distance_sum,-0.045204952577797615,0.045204952577797615,404,actual_behavior,activity_pedo
Q1,wPedo_speed_sum,-0.045204952577797615,0.045204952577797615,404,actual_behavior,activity_pedo
Q1,mLight_m_light_nonnull_count,0.0442883694333078,0.0442883694333078,450,coverage_proxy,light
Q1,mLight_row_count,0.0442883694333078,0.0442883694333078,450,coverage_proxy,light
Q1,wPedo_distance_zero_count,0.04257843925537486,0.04257843925537486,404,coverage_proxy,activity_pedo
Q1,wPedo_speed_zero_count,0.04257843925537486,0.04257843925537486,404,coverage_proxy,activity_pedo
Q1,wPedo_step_frequency_zero_count,0.04257843925537486,0.04257843925537486,404,coverage_proxy,activity_pedo
Q1,wPedo_step_zero_count,0.04257843925537486,0.04257843925537486,404,coverage_proxy,activity_pedo
Q1,wPedo_step_frequency_max,-0.04201311922244212,0.04201311922244212,404,actual_behavior,activity_pedo
Q1,wPedo_step_max,-0.04201311922244212,0.04201311922244212,404,actual_behavior,activity_pedo
Q1,wPedo_distance_max,-0.04177117351287176,0.04177117351287176,404,actual_behavior,activity_pedo
Q1,wPedo_speed_max,-0.04177117351287176,0.04177117351287176,404,actual_behavior,activity_pedo
Q1,wPedo_burned_calories_zero_count,0.041749006477033127,0.041749006477033127,404,coverage_proxy,activity_pedo
Q1,mGps_m_gps_object_len_nonnull_count,0.041650715671150924,0.041650715671150924,425,coverage_proxy,coverage_or_object_proxy
Q1,mGps_m_gps_object_len_nonzero_count,0.041650715671150924,0.041650715671150924,425,coverage_proxy,coverage_or_object_proxy
Q1,mGps_m_gps_object_len_sum,0.041650715671150924,0.041650715671150924,425,coverage_proxy,coverage_or_object_proxy
Q1,mGps_row_count,0.041650715671150924,0.041650715671150924,425,coverage_proxy,coverage_or_object_proxy
Q1,wPedo_step_frequency_sum,-0.04096161262108211,0.04096161262108211,404,actual_behavior,activity_pedo
Q1,wPedo_step_sum,-0.04096161262108211,0.04096161262108211,404,actual_behavior,activity_pedo
Q1,mActivity_m_activity_value_7_ratio,-0.038830574201014975,0.038830574201014975,450,actual_behavior,activity_code
Q1,wLight_w_light_q95,-0.03880988495775307,0.03880988495775307,414,actual_behavior,light
Q1,mWifi_m_wifi_object_len_nonnull_count,0.038444003218617635,0.038444003218617635,439,coverage_proxy,coverage_or_object_proxy
Q1,mWifi_m_wifi_object_len_nonzero_count,0.038444003218617635,0.038444003218617635,439,coverage_proxy,coverage_or_object_proxy
Q1,mWifi_m_wifi_object_len_sum,0.038444003218617635,0.038444003218617635,439,coverage_proxy,coverage_or_object_proxy
Q1,mWifi_row_count,0.038444003218617635,0.038444003218617635,439,coverage_proxy,coverage_or_object_proxy
Q1,mActivity_m_activity_value_8_count,0.03684243304157154,0.03684243304157154,450,actual_behavior,activity_code
Q1,mActivity_m_activity_value_8_ratio,0.036759688188508055,0.036759688188508055,450,actual_behavior,activity_code
Q1,mLight_m_light_std,0.03632393721662373,0.03632393721662373,450,actual_behavior,light
Q1,wLight_w_light_nonzero_count,-0.03548726281539435,0.03548726281539435,414,coverage_proxy,light
Q1,mActivity_m_activity_value_3_count,0.03205672109639022,0.03205672109639022,450,actual_behavior,activity_code
Q1,mLight_m_light_q95,-0.03163976151625991,0.03163976151625991,450,actual_behavior,light
Q1,wLight_w_light_q99,-0.028177193397998686,0.028177193397998686,414,actual_behavior,light
Q1,wLight_w_light_std,-0.027254394096113625,0.027254394096113625,414,actual_behavior,light
Q1,mActivity_m_activity_value_7_count,-0.026944469822385457,0.026944469822385457,450,actual_behavior,activity_code
Q1,mLight_m_light_nonzero_count,-0.02649665854565147,0.02649665854565147,450,coverage_proxy,light
Q1,wPedo_burned_calories_nonnull_count,0.025215909112657996,0.025215909112657996,404,coverage_proxy,activity_pedo
Q1,wPedo_distance_nonnull_count,0.025215909112657996,0.025215909112657996,404,coverage_proxy,activity_pedo
Q1,wPedo_row_count,0.025215909112657996,0.025215909112657996,404,coverage_proxy,activity_pedo
Q1,wPedo_running_step_nonnull_count,0.025215909112657996,0.025215909112657996,404,coverage_proxy,activity_pedo
Q1,wPedo_running_step_zero_count,0.025215909112657996,0.025215909112657996,404,coverage_proxy,activity_pedo
Q1,wPedo_speed_nonnull_count,0.025215909112657996,0.025215909112657996,404,coverage_proxy,activity_pedo
Q1,wPedo_step_frequency_nonnull_count,0.025215909112657996,0.025215909112657996,404,coverage_proxy,activity_pedo
Q1,wPedo_step_nonnull_count,0.025215909112657996,0.025215909112657996,404,coverage_proxy,activity_pedo
Q1,wPedo_walking_step_nonnull_count,0.025215909112657996,0.025215909112657996,404,coverage_proxy,activity_pedo
Q1,wPedo_walking_step_zero_count,0.025215909112657996,0.025215909112657996,404,coverage_proxy,activity_pedo
Q1,mLight_m_light_mean,-0.02422255391014927,0.02422255391014927,450,actual_behavior,light
Q1,mLight_m_light_q99,0.023661618571322457,0.023661618571322457,450,actual_behavior,light
Q1,wPedo_burned_calories_nonzero_count,-0.023029794573421296,0.023029794573421296,404,coverage_proxy,activity_pedo
Q1,mACStatus_m_charging_nonnull_count,0.022832461148144245,0.022832461148144245,450,coverage_proxy,charging
Q1,mACStatus_row_count,0.022832461148144245,0.022832461148144245,450,coverage_proxy,charging
Q1,mActivity_m_activity_value_4_count,0.021724488920921887,0.021724488920921887,450,actual_behavior,activity_code
Q1,mUsageStats_m_usage_stats_object_len_nonnull_count,0.019185214169037956,0.019185214169037956,440,coverage_proxy,app_usage
Q1,mUsageStats_m_usage_stats_object_len_nonzero_count,0.019185214169037956,0.019185214169037956,440,coverage_proxy,app_usage
Q1,mUsageStats_m_usage_stats_object_len_sum,0.019185214169037956,0.019185214169037956,440,coverage_proxy,app_usage
Q1,mUsageStats_row_count,0.019185214169037956,0.019185214169037956,440,coverage_proxy,app_usage
Q1,wPedo_distance_nonzero_count,-0.017607653749514902,0.017607653749514902,404,coverage_proxy,activity_pedo
Q1,wPedo_speed_nonzero_count,-0.017607653749514902,0.017607653749514902,404,coverage_proxy,activity_pedo
Q1,wPedo_step_frequency_nonzero_count,-0.017607653749514902,0.017607653749514902,404,coverage_proxy,activity_pedo
Q1,wPedo_step_nonzero_count,-0.017607653749514902,0.017607653749514902,404,coverage_proxy,activity_pedo
Q1,wPedo_burned_calories_max,-0.014266212810712314,0.014266212810712314,404,actual_behavior,activity_pedo
Q1,mActivity_m_activity_value_4_ratio,0.014252480598852417,0.014252480598852417,450,actual_behavior,activity_code
Q1,mACStatus_m_charging_value_0_count,-0.013702022033284038,0.013702022033284038,450,actual_behavior,charging
Q1,mBle_m_ble_object_len_nonnull_count,0.010886600137009546,0.010886600137009546,416,coverage_proxy,coverage_or_object_proxy
Q1,mBle_m_ble_object_len_nonzero_count,0.010886600137009546,0.010886600137009546,416,coverage_proxy,coverage_or_object_proxy
Q1,mBle_m_ble_object_len_sum,0.010886600137009546,0.010886600137009546,416,coverage_proxy,coverage_or_object_proxy
Q1,mBle_row_count,0.010886600137009546,0.010886600137009546,416,coverage_proxy,coverage_or_object_proxy
Q1,mLight_m_light_sum,0.010755913054508098,0.010755913054508098,450,actual_behavior,light
Q1,wLight_w_light_max,-0.010167806184186426,0.010167806184186426,414,actual_behavior,light
Q1,wLight_w_light_min,0.009005856130841379,0.009005856130841379,414,actual_behavior,light
Q1,wLight_w_light_sum,-0.006463313882317154,0.006463313882317154,414,actual_behavior,light
Q1,wHr_heart_rate_object_len_nonnull_count,0.004844601148397695,0.004844601148397695,391,coverage_proxy,heart_rate
Q1,wHr_heart_rate_object_len_nonzero_count,0.004844601148397695,0.004844601148397695,391,coverage_proxy,heart_rate
Q1,wHr_heart_rate_object_len_sum,0.004844601148397695,0.004844601148397695,391,coverage_proxy,heart_rate
Q1,wHr_row_count,0.004844601148397695,0.004844601148397695,391,coverage_proxy,heart_rate
Q1,mActivity_m_activity_value_3_ratio,0.0015921865990184945,0.0015921865990184945,450,actual_behavior,activity_code
Q1,mScreenStatus_m_screen_use_value_1_count,-0.0004968596215746702,0.0004968596215746702,450,actual_behavior,screen
Q2,wPedo_distance_sum,-0.13577896011971805,0.13577896011971805,404,actual_behavior,activity_pedo
Q2,wPedo_speed_sum,-0.13577896011971805,0.13577896011971805,404,actual_behavior,activity_pedo
Q2,mActivity_m_activity_value_0_count,-0.13529221183693801,0.13529221183693801,450,actual_behavior,activity_code
Q2,wLight_w_light_min,0.13458534221880697,0.13458534221880697,414,actual_behavior,light
Q2,wPedo_burned_calories_q95,-0.13298114687425733,0.13298114687425733,404,actual_behavior,activity_pedo
Q2,wPedo_step_frequency_sum,-0.132537654330036,0.132537654330036,404,actual_behavior,activity_pedo
Q2,wPedo_step_sum,-0.132537654330036,0.132537654330036,404,actual_behavior,activity_pedo
Q2,wPedo_distance_q95,-0.1284754390257612,0.1284754390257612,404,actual_behavior,activity_pedo
Q2,wPedo_speed_q95,-0.1284754390257612,0.1284754390257612,404,actual_behavior,activity_pedo
Q2,wPedo_step_frequency_q95,-0.1265345097206067,0.1265345097206067,404,actual_behavior,activity_pedo
Q2,wPedo_step_q95,-0.1265345097206067,0.1265345097206067,404,actual_behavior,activity_pedo
Q2,mActivity_m_activity_value_0_ratio,-0.12374192647226691,0.12374192647226691,450,actual_behavior,activity_code
Q2,mLight_m_light_std,-0.12355059907958545,0.12355059907958545,450,actual_behavior,light
Q2,mLight_m_light_sum,-0.12304165851377688,0.12304165851377688,450,actual_behavior,light
Q2,wPedo_distance_std,-0.12301227531657942,0.12301227531657942,404,actual_behavior,activity_pedo
Q2,wPedo_speed_std,-0.12301227531657942,0.12301227531657942,404,actual_behavior,activity_pedo
Q2,wPedo_step_frequency_std,-0.12090838748807448,0.12090838748807448,404,actual_behavior,activity_pedo
Q2,wPedo_step_std,-0.12090838748807448,0.12090838748807448,404,actual_behavior,activity_pedo
Q2,mScreenStatus_m_screen_use_value_0_count,-0.12056652574693814,0.12056652574693814,450,actual_behavior,screen
Q2,mActivity_m_activity_value_7_count,-0.11798542308827775,0.11798542308827775,450,actual_behavior,activity_code
Q2,wPedo_distance_q99,-0.11777172648481099,0.11777172648481099,404,actual_behavior,activity_pedo
Q2,wPedo_speed_q99,-0.11777172648481099,0.11777172648481099,404,actual_behavior,activity_pedo
Q2,wPedo_distance_mean,-0.11298588504354629,0.11298588504354629,404,actual_behavior,activity_pedo
Q2,wPedo_speed_mean,-0.11298588504354629,0.11298588504354629,404,actual_behavior,activity_pedo
Q2,mLight_m_light_mean,-0.11245587943049332,0.11245587943049332,450,actual_behavior,light
Q2,wPedo_step_frequency_q99,-0.11077575612751389,0.11077575612751389,404,actual_behavior,activity_pedo
Q2,wPedo_step_q99,-0.11077575612751389,0.11077575612751389,404,actual_behavior,activity_pedo
Q2,mLight_m_light_max,-0.1093943791312203,0.1093943791312203,450,actual_behavior,light
Q2,wPedo_step_frequency_mean,-0.10794047312784948,0.10794047312784948,404,actual_behavior,activity_pedo
Q2,wPedo_step_mean,-0.10794047312784948,0.10794047312784948,404,actual_behavior,activity_pedo
Q2,wPedo_burned_calories_q99,-0.10407043958214619,0.10407043958214619,404,actual_behavior,activity_pedo
Q2,wPedo_step_frequency_max,-0.10380746881486987,0.10380746881486987,404,actual_behavior,activity_pedo
Q2,wPedo_step_max,-0.10380746881486987,0.10380746881486987,404,actual_behavior,activity_pedo
Q2,wHr_heart_rate_object_len_nonnull_count,-0.10200890332454264,0.10200890332454264,391,coverage_proxy,heart_rate
Q2,wHr_heart_rate_object_len_nonzero_count,-0.10200890332454264,0.10200890332454264,391,coverage_proxy,heart_rate
Q2,wHr_heart_rate_object_len_sum,-0.10200890332454264,0.10200890332454264,391,coverage_proxy,heart_rate
Q2,wHr_row_count,-0.10200890332454264,0.10200890332454264,391,coverage_proxy,heart_rate
Q2,wPedo_step_frequency_q75,-0.10152658375005388,0.10152658375005388,404,actual_behavior,activity_pedo
Q2,wPedo_step_q75,-0.10152658375005388,0.10152658375005388,404,actual_behavior,activity_pedo
Q2,mActivity_m_activity_value_7_ratio,-0.10099807504261683,0.10099807504261683,450,actual_behavior,activity_code
Q2,mLight_m_light_zero_count,-0.10009518203480341,0.10009518203480341,450,coverage_proxy,light
Q2,wPedo_burned_calories_sum,-0.09972669819036477,0.09972669819036477,404,actual_behavior,activity_pedo
Q2,mLight_m_light_q75,-0.09901809177105995,0.09901809177105995,450,actual_behavior,light
Q2,mScreenStatus_m_screen_use_value_0_ratio,-0.09864035259825142,0.09864035259825142,450,actual_behavior,screen
Q2,mScreenStatus_m_screen_use_value_1_ratio,0.09864035259825142,0.09864035259825142,450,actual_behavior,screen
Q2,mACStatus_m_charging_value_0_count,-0.09685946363879812,0.09685946363879812,450,actual_behavior,charging
Q2,wPedo_distance_nonzero_count,-0.09622296989380019,0.09622296989380019,404,coverage_proxy,activity_pedo
Q2,wPedo_speed_nonzero_count,-0.09622296989380019,0.09622296989380019,404,coverage_proxy,activity_pedo
Q2,wPedo_step_frequency_nonzero_count,-0.09622296989380019,0.09622296989380019,404,coverage_proxy,activity_pedo
Q2,wPedo_step_nonzero_count,-0.09622296989380019,0.09622296989380019,404,coverage_proxy,activity_pedo
Q2,wPedo_distance_max,-0.09531277160123111,0.09531277160123111,404,actual_behavior,activity_pedo
Q2,wPedo_speed_max,-0.09531277160123111,0.09531277160123111,404,actual_behavior,activity_pedo
Q2,mScreenStatus_m_screen_use_unique_count,0.09332899436168236,0.09332899436168236,450,coverage_proxy,screen
Q2,wPedo_distance_q75,-0.0906062066174596,0.0906062066174596,404,actual_behavior,activity_pedo
Q2,wPedo_speed_q75,-0.0906062066174596,0.0906062066174596,404,actual_behavior,activity_pedo
Q2,wPedo_burned_calories_nonzero_count,-0.08963604422735594,0.08963604422735594,404,coverage_proxy,activity_pedo
Q2,mLight_m_light_q95,-0.08913354096860275,0.08913354096860275,450,actual_behavior,light
Q2,mLight_m_light_min,0.08656897106390991,0.08656897106390991,450,actual_behavior,light
Q2,wLight_w_light_q25,-0.08225895855619379,0.08225895855619379,414,actual_behavior,light
Q2,mScreenStatus_m_screen_use_value_1_count,0.08214113249682137,0.08214113249682137,450,actual_behavior,screen
Q2,mActivity_m_activity_unique_count,-0.08000682897443845,0.08000682897443845,450,coverage_proxy,activity_code
Q2,mActivity_m_activity_value_8_count,-0.07963759658412801,0.07963759658412801,450,actual_behavior,activity_code
Q2,mActivity_m_activity_value_1_count,-0.07898405547263214,0.07898405547263214,450,actual_behavior,activity_code
Q2,mActivity_m_activity_value_8_ratio,-0.07885729675484239,0.07885729675484239,450,actual_behavior,activity_code
Q2,mACStatus_m_charging_unique_count,-0.07486435845031691,0.07486435845031691,450,coverage_proxy,charging
Q2,wPedo_burned_calories_mean,-0.07469457974530806,0.07469457974530806,404,actual_behavior,activity_pedo
Q2,mActivity_m_activity_value_1_ratio,-0.07336156439180025,0.07336156439180025,450,actual_behavior,activity_code
Q2,mLight_m_light_q99,-0.0689679152018876,0.0689679152018876,450,actual_behavior,light
Q2,mScreenStatus_m_screen_use_nonnull_count,-0.06618033914704222,0.06618033914704222,450,coverage_proxy,screen
Q2,mScreenStatus_row_count,-0.06618033914704222,0.06618033914704222,450,coverage_proxy,screen
Q2,mLight_m_light_q25,0.054252406306243735,0.054252406306243735,450,actual_behavior,light
Q2,mACStatus_m_charging_value_0_ratio,-0.05159114340984425,0.05159114340984425,450,actual_behavior,charging
Q2,mACStatus_m_charging_value_1_ratio,0.05159114340984425,0.05159114340984425,450,actual_behavior,charging
Q2,mLight_m_light_nonzero_count,0.05109949454319538,0.05109949454319538,450,coverage_proxy,light
Q2,mActivity_m_activity_value_3_ratio,0.05053971313960267,0.05053971313960267,450,actual_behavior,activity_code
Q2,wLight_w_light_q75,-0.0488475667303712,0.0488475667303712,414,actual_behavior,light
Q2,mACStatus_m_charging_nonnull_count,-0.0481908634000153,0.0481908634000153,450,coverage_proxy,charging
Q2,mACStatus_row_count,-0.0481908634000153,0.0481908634000153,450,coverage_proxy,charging
Q2,mBle_m_ble_object_len_nonnull_count,0.04411573506932388,0.04411573506932388,416,coverage_proxy,coverage_or_object_proxy
Q2,mBle_m_ble_object_len_nonzero_count,0.04411573506932388,0.04411573506932388,416,coverage_proxy,coverage_or_object_proxy
Q2,mBle_m_ble_object_len_sum,0.04411573506932388,0.04411573506932388,416,coverage_proxy,coverage_or_object_proxy
Q2,mBle_row_count,0.04411573506932388,0.04411573506932388,416,coverage_proxy,coverage_or_object_proxy
Q2,wLight_w_light_sum,-0.042766381136626945,0.042766381136626945,414,actual_behavior,light
Q2,wPedo_burned_calories_max,-0.04036461864238925,0.04036461864238925,404,actual_behavior,activity_pedo
Q2,wLight_w_light_median,-0.03476490227900506,0.03476490227900506,414,actual_behavior,light
Q2,wLight_w_light_mean,-0.03351229881417958,0.03351229881417958,414,actual_behavior,light
Q2,wPedo_burned_calories_std,-0.0334093468293867,0.0334093468293867,404,actual_behavior,activity_pedo
Q2,mACStatus_m_charging_value_1_count,0.030718470163890663,0.030718470163890663,450,actual_behavior,charging
Q2,mActivity_m_activity_value_3_count,0.027912554650220703,0.027912554650220703,450,actual_behavior,activity_code
Q2,wLight_w_light_zero_count,-0.02279362245379108,0.02279362245379108,414,coverage_proxy,light
Q2,wLight_w_light_q95,-0.02237206510322578,0.02237206510322578,414,actual_behavior,light
Q2,wPedo_burned_calories_q75,-0.019447784123999598,0.019447784123999598,404,actual_behavior,activity_pedo
Q2,mActivity_m_activity_value_4_count,0.019407994811595167,0.019407994811595167,450,actual_behavior,activity_code
Q2,mActivity_m_activity_nonnull_count,-0.019127825216220872,0.019127825216220872,450,coverage_proxy,activity_code
Q2,mActivity_row_count,-0.019127825216220872,0.019127825216220872,450,coverage_proxy,activity_code
Q2,mLight_m_light_median,-0.016010497160396157,0.016010497160396157,450,actual_behavior,light
Q2,wPedo_burned_calories_nonnull_count,-0.014958281347232387,0.014958281347232387,404,coverage_proxy,activity_pedo
Q2,wPedo_distance_nonnull_count,-0.014958281347232387,0.014958281347232387,404,coverage_proxy,activity_pedo
Q2,wPedo_row_count,-0.014958281347232387,0.014958281347232387,404,coverage_proxy,activity_pedo
Q2,wPedo_running_step_nonnull_count,-0.014958281347232387,0.014958281347232387,404,coverage_proxy,activity_pedo
Q2,wPedo_running_step_zero_count,-0.014958281347232387,0.014958281347232387,404,coverage_proxy,activity_pedo
Q2,wPedo_speed_nonnull_count,-0.014958281347232387,0.014958281347232387,404,coverage_proxy,activity_pedo
Q2,wPedo_step_frequency_nonnull_count,-0.014958281347232387,0.014958281347232387,404,coverage_proxy,activity_pedo
Q2,wPedo_step_nonnull_count,-0.014958281347232387,0.014958281347232387,404,coverage_proxy,activity_pedo
Q2,wPedo_walking_step_nonnull_count,-0.014958281347232387,0.014958281347232387,404,coverage_proxy,activity_pedo
Q2,wPedo_walking_step_zero_count,-0.014958281347232387,0.014958281347232387,404,coverage_proxy,activity_pedo
Q2,wLight_w_light_max,-0.014382795423544334,0.014382795423544334,414,actual_behavior,light
Q2,wLight_w_light_q99,-0.012571622414810342,0.012571622414810342,414,actual_behavior,light
Q2,mUsageStats_m_usage_stats_object_len_nonnull_count,0.0109136939689877,0.0109136939689877,440,coverage_proxy,app_usage
Q2,mUsageStats_m_usage_stats_object_len_nonzero_count,0.0109136939689877,0.0109136939689877,440,coverage_proxy,app_usage
Q2,mUsageStats_m_usage_stats_object_len_sum,0.0109136939689877,0.0109136939689877,440,coverage_proxy,app_usage
Q2,mUsageStats_row_count,0.0109136939689877,0.0109136939689877,440,coverage_proxy,app_usage
Q2,mGps_m_gps_object_len_nonnull_count,-0.010232738709376354,0.010232738709376354,425,coverage_proxy,coverage_or_object_proxy
Q2,mGps_m_gps_object_len_nonzero_count,-0.010232738709376354,0.010232738709376354,425,coverage_proxy,coverage_or_object_proxy
Q2,mGps_m_gps_object_len_sum,-0.010232738709376354,0.010232738709376354,425,coverage_proxy,coverage_or_object_proxy
Q2,mGps_row_count,-0.010232738709376354,0.010232738709376354,425,coverage_proxy,coverage_or_object_proxy
Q2,mAmbience_m_ambience_object_len_nonnull_count,-0.009760394728078242,0.009760394728078242,450,coverage_proxy,coverage_or_object_proxy
Q2,mAmbience_m_ambience_object_len_nonzero_count,-0.009760394728078242,0.009760394728078242,450,coverage_proxy,coverage_or_object_proxy
Q2,mAmbience_m_ambience_object_len_sum,-0.009760394728078242,0.009760394728078242,450,coverage_proxy,coverage_or_object_proxy
Q2,mAmbience_row_count,-0.009760394728078242,0.009760394728078242,450,coverage_proxy,coverage_or_object_proxy
Q2,mLight_m_light_nonnull_count,0.009130052378071424,0.009130052378071424,450,coverage_proxy,light
Q2,mLight_row_count,0.009130052378071424,0.009130052378071424,450,coverage_proxy,light
Q2,wPedo_burned_calories_zero_count,-0.008377634897755388,0.008377634897755388,404,coverage_proxy,activity_pedo
Q2,mActivity_m_activity_value_4_ratio,0.007058081156517722,0.007058081156517722,450,actual_behavior,activity_code
Q2,wPedo_distance_zero_count,-0.0066411290960718085,0.0066411290960718085,404,coverage_proxy,activity_pedo
Q2,wPedo_speed_zero_count,-0.0066411290960718085,0.0066411290960718085,404,coverage_proxy,activity_pedo
Q2,wPedo_step_frequency_zero_count,-0.0066411290960718085,0.0066411290960718085,404,coverage_proxy,activity_pedo
Q2,wPedo_step_zero_count,-0.0066411290960718085,0.0066411290960718085,404,coverage_proxy,activity_pedo
Q2,wLight_w_light_std,-0.0038962372995221908,0.0038962372995221908,414,actual_behavior,light
Q2,wLight_w_light_nonzero_count,0.0026696506994732328,0.0026696506994732328,414,coverage_proxy,light
Q2,wLight_row_count,-0.0019640835986248213,0.0019640835986248213,414,coverage_proxy,light
Q2,wLight_w_light_nonnull_count,-0.0019640835986248213,0.0019640835986248213,414,coverage_proxy,light
Q2,mWifi_m_wifi_object_len_nonnull_count,-0.00017212466770583342,0.00017212466770583342,439,coverage_proxy,coverage_or_object_proxy
Q2,mWifi_m_wifi_object_len_nonzero_count,-0.00017212466770583342,0.00017212466770583342,439,coverage_proxy,coverage_or_object_proxy
Q2,mWifi_m_wifi_object_len_sum,-0.00017212466770583342,0.00017212466770583342,439,coverage_proxy,coverage_or_object_proxy
Q2,mWifi_row_count,-0.00017212466770583342,0.00017212466770583342,439,coverage_proxy,coverage_or_object_proxy
Q3,wPedo_burned_calories_q75,0.1694937471781566,0.1694937471781566,404,actual_behavior,activity_pedo
Q3,wLight_w_light_q25,-0.15987858497899635,0.15987858497899635,414,actual_behavior,light
Q3,mLight_m_light_max,-0.15569571934197451,0.15569571934197451,450,actual_behavior,light
Q3,mLight_m_light_q25,-0.15020209470414186,0.15020209470414186,450,actual_behavior,light
Q3,mLight_m_light_median,-0.13526055416424757,0.13526055416424757,450,actual_behavior,light
Q3,mLight_m_light_std,-0.13403249718462337,0.13403249718462337,450,actual_behavior,light
Q3,wPedo_step_frequency_q75,0.12135891976940079,0.12135891976940079,404,actual_behavior,activity_pedo
Q3,wPedo_step_q75,0.12135891976940079,0.12135891976940079,404,actual_behavior,activity_pedo
Q3,mActivity_m_activity_value_7_ratio,-0.12021110750497135,0.12021110750497135,450,actual_behavior,activity_code
Q3,mLight_m_light_nonnull_count,0.11953612607477704,0.11953612607477704,450,coverage_proxy,light
Q3,mLight_row_count,0.11953612607477704,0.11953612607477704,450,coverage_proxy,light
Q3,mLight_m_light_mean,-0.11774985066091082,0.11774985066091082,450,actual_behavior,light
Q3,wHr_heart_rate_object_len_nonnull_count,-0.11018595687414712,0.11018595687414712,391,coverage_proxy,heart_rate
Q3,wHr_heart_rate_object_len_nonzero_count,-0.11018595687414712,0.11018595687414712,391,coverage_proxy,heart_rate
Q3,wHr_heart_rate_object_len_sum,-0.11018595687414712,0.11018595687414712,391,coverage_proxy,heart_rate
Q3,wHr_row_count,-0.11018595687414712,0.11018595687414712,391,coverage_proxy,heart_rate
Q3,wPedo_distance_q75,0.10681374870416814,0.10681374870416814,404,actual_behavior,activity_pedo
Q3,wPedo_speed_q75,0.10681374870416814,0.10681374870416814,404,actual_behavior,activity_pedo
Q3,mActivity_m_activity_value_7_count,-0.10573304287483855,0.10573304287483855,450,actual_behavior,activity_code
Q3,wLight_w_light_q75,-0.10102856301963004,0.10102856301963004,414,actual_behavior,light
Q3,mLight_m_light_min,-0.09884407590789246,0.09884407590789246,450,actual_behavior,light
Q3,mLight_m_light_sum,-0.094050607984154,0.094050607984154,450,actual_behavior,light
Q3,mACStatus_m_charging_unique_count,0.09184085026346323,0.09184085026346323,450,coverage_proxy,charging
Q3,mGps_m_gps_object_len_nonnull_count,0.09123398100754225,0.09123398100754225,425,coverage_proxy,coverage_or_object_proxy
Q3,mGps_m_gps_object_len_nonzero_count,0.09123398100754225,0.09123398100754225,425,coverage_proxy,coverage_or_object_proxy
Q3,mGps_m_gps_object_len_sum,0.09123398100754225,0.09123398100754225,425,coverage_proxy,coverage_or_object_proxy
Q3,mGps_row_count,0.09123398100754225,0.09123398100754225,425,coverage_proxy,coverage_or_object_proxy
Q3,mAmbience_m_ambience_object_len_nonnull_count,0.08762084814757841,0.08762084814757841,450,coverage_proxy,coverage_or_object_proxy
Q3,mAmbience_m_ambience_object_len_nonzero_count,0.08762084814757841,0.08762084814757841,450,coverage_proxy,coverage_or_object_proxy
Q3,mAmbience_m_ambience_object_len_sum,0.08762084814757841,0.08762084814757841,450,coverage_proxy,coverage_or_object_proxy
Q3,mAmbience_row_count,0.08762084814757841,0.08762084814757841,450,coverage_proxy,coverage_or_object_proxy
Q3,wPedo_burned_calories_q99,-0.07728992948211301,0.07728992948211301,404,actual_behavior,activity_pedo
Q3,wLight_w_light_median,-0.07664353181040408,0.07664353181040408,414,actual_behavior,light
Q3,mACStatus_m_charging_nonnull_count,0.0744941659951628,0.0744941659951628,450,coverage_proxy,charging
Q3,mACStatus_row_count,0.0744941659951628,0.0744941659951628,450,coverage_proxy,charging
Q3,mActivity_m_activity_value_8_count,0.0726996361682617,0.0726996361682617,450,actual_behavior,activity_code
Q3,mActivity_m_activity_nonnull_count,0.07217579197977679,0.07217579197977679,450,coverage_proxy,activity_code
Q3,mActivity_row_count,0.07217579197977679,0.07217579197977679,450,coverage_proxy,activity_code
Q3,mWifi_m_wifi_object_len_nonnull_count,0.07078368284850706,0.07078368284850706,439,coverage_proxy,coverage_or_object_proxy
Q3,mWifi_m_wifi_object_len_nonzero_count,0.07078368284850706,0.07078368284850706,439,coverage_proxy,coverage_or_object_proxy
Q3,mWifi_m_wifi_object_len_sum,0.07078368284850706,0.07078368284850706,439,coverage_proxy,coverage_or_object_proxy
Q3,mWifi_row_count,0.07078368284850706,0.07078368284850706,439,coverage_proxy,coverage_or_object_proxy
Q3,wPedo_burned_calories_mean,-0.06928618391077486,0.06928618391077486,404,actual_behavior,activity_pedo
Q3,mActivity_m_activity_value_8_ratio,0.06821790832324325,0.06821790832324325,450,actual_behavior,activity_code
Q3,mLight_m_light_q95,-0.06535988159299075,0.06535988159299075,450,actual_behavior,light
Q3,wPedo_distance_q95,-0.06454325763818604,0.06454325763818604,404,actual_behavior,activity_pedo
Q3,wPedo_speed_q95,-0.06454325763818604,0.06454325763818604,404,actual_behavior,activity_pedo
Q3,mLight_m_light_nonzero_count,0.06413701065371782,0.06413701065371782,450,coverage_proxy,light
Q3,mLight_m_light_q75,-0.06374177777949884,0.06374177777949884,450,actual_behavior,light
Q3,wPedo_distance_q99,-0.0634589896004598,0.0634589896004598,404,actual_behavior,activity_pedo
Q3,wPedo_speed_q99,-0.0634589896004598,0.0634589896004598,404,actual_behavior,activity_pedo
Q3,wPedo_burned_calories_zero_count,-0.06339948054915091,0.06339948054915091,404,coverage_proxy,activity_pedo
Q3,wPedo_burned_calories_sum,-0.063183136776068,0.063183136776068,404,actual_behavior,activity_pedo
Q3,wPedo_distance_zero_count,-0.06250851520445355,0.06250851520445355,404,coverage_proxy,activity_pedo
Q3,wPedo_speed_zero_count,-0.06250851520445355,0.06250851520445355,404,coverage_proxy,activity_pedo
Q3,wPedo_step_frequency_zero_count,-0.06250851520445355,0.06250851520445355,404,coverage_proxy,activity_pedo
Q3,wPedo_step_zero_count,-0.06250851520445355,0.06250851520445355,404,coverage_proxy,activity_pedo
Q3,wPedo_step_frequency_q95,-0.0621915972909592,0.0621915972909592,404,actual_behavior,activity_pedo
Q3,wPedo_step_q95,-0.0621915972909592,0.0621915972909592,404,actual_behavior,activity_pedo
Q3,wPedo_burned_calories_nonnull_count,-0.06108899144234836,0.06108899144234836,404,coverage_proxy,activity_pedo
Q3,wPedo_distance_nonnull_count,-0.06108899144234836,0.06108899144234836,404,coverage_proxy,activity_pedo
Q3,wPedo_row_count,-0.06108899144234836,0.06108899144234836,404,coverage_proxy,activity_pedo
Q3,wPedo_running_step_nonnull_count,-0.06108899144234836,0.06108899144234836,404,coverage_proxy,activity_pedo
Q3,wPedo_running_step_zero_count,-0.06108899144234836,0.06108899144234836,404,coverage_proxy,activity_pedo
Q3,wPedo_speed_nonnull_count,-0.06108899144234836,0.06108899144234836,404,coverage_proxy,activity_pedo
Q3,wPedo_step_frequency_nonnull_count,-0.06108899144234836,0.06108899144234836,404,coverage_proxy,activity_pedo
Q3,wPedo_step_nonnull_count,-0.06108899144234836,0.06108899144234836,404,coverage_proxy,activity_pedo
Q3,wPedo_walking_step_nonnull_count,-0.06108899144234836,0.06108899144234836,404,coverage_proxy,activity_pedo
Q3,wPedo_walking_step_zero_count,-0.06108899144234836,0.06108899144234836,404,coverage_proxy,activity_pedo
Q3,wPedo_distance_std,-0.059449698825485175,0.059449698825485175,404,actual_behavior,activity_pedo
Q3,wPedo_speed_std,-0.059449698825485175,0.059449698825485175,404,actual_behavior,activity_pedo
Q3,wPedo_step_frequency_q99,-0.05875374383284238,0.05875374383284238,404,actual_behavior,activity_pedo
Q3,wPedo_step_q99,-0.05875374383284238,0.05875374383284238,404,actual_behavior,activity_pedo
Q3,wPedo_burned_calories_q95,-0.05856512139441123,0.05856512139441123,404,actual_behavior,activity_pedo
Q3,wPedo_step_frequency_max,-0.058132930531445706,0.058132930531445706,404,actual_behavior,activity_pedo
Q3,wPedo_step_max,-0.058132930531445706,0.058132930531445706,404,actual_behavior,activity_pedo
Q3,wPedo_distance_mean,-0.05777704424290803,0.05777704424290803,404,actual_behavior,activity_pedo
Q3,wPedo_speed_mean,-0.05777704424290803,0.05777704424290803,404,actual_behavior,activity_pedo
Q3,wPedo_step_frequency_std,-0.05686068475960295,0.05686068475960295,404,actual_behavior,activity_pedo
Q3,wPedo_step_std,-0.05686068475960295,0.05686068475960295,404,actual_behavior,activity_pedo
Q3,wPedo_distance_max,-0.05508366017718652,0.05508366017718652,404,actual_behavior,activity_pedo
Q3,wPedo_speed_max,-0.05508366017718652,0.05508366017718652,404,actual_behavior,activity_pedo
Q3,wLight_w_light_mean,-0.05388093336269611,0.05388093336269611,414,actual_behavior,light
Q3,mActivity_m_activity_value_3_count,0.05208798121089669,0.05208798121089669,450,actual_behavior,activity_code
Q3,wPedo_step_frequency_mean,-0.051317133746305296,0.051317133746305296,404,actual_behavior,activity_pedo
Q3,wPedo_step_mean,-0.051317133746305296,0.051317133746305296,404,actual_behavior,activity_pedo
Q3,wLight_w_light_zero_count,0.049920783720377435,0.049920783720377435,414,coverage_proxy,light
Q3,mBle_m_ble_object_len_nonnull_count,0.04903914566584676,0.04903914566584676,416,coverage_proxy,coverage_or_object_proxy
Q3,mBle_m_ble_object_len_nonzero_count,0.04903914566584676,0.04903914566584676,416,coverage_proxy,coverage_or_object_proxy
Q3,mBle_m_ble_object_len_sum,0.04903914566584676,0.04903914566584676,416,coverage_proxy,coverage_or_object_proxy
Q3,mBle_row_count,0.04903914566584676,0.04903914566584676,416,coverage_proxy,coverage_or_object_proxy
Q3,mScreenStatus_m_screen_use_value_1_count,0.04647028683557911,0.04647028683557911,450,actual_behavior,screen
Q3,wPedo_distance_sum,-0.04578224225264496,0.04578224225264496,404,actual_behavior,activity_pedo
Q3,wPedo_speed_sum,-0.04578224225264496,0.04578224225264496,404,actual_behavior,activity_pedo
Q3,mActivity_m_activity_value_1_ratio,-0.045277266160907416,0.045277266160907416,450,actual_behavior,activity_code
Q3,mScreenStatus_m_screen_use_nonnull_count,0.044757121837600715,0.044757121837600715,450,coverage_proxy,screen
Q3,mScreenStatus_row_count,0.044757121837600715,0.044757121837600715,450,coverage_proxy,screen
Q3,mLight_m_light_q99,-0.04465353572190268,0.04465353572190268,450,actual_behavior,light
Q3,wPedo_step_frequency_sum,-0.04109006248792598,0.04109006248792598,404,actual_behavior,activity_pedo
Q3,wPedo_step_sum,-0.04109006248792598,0.04109006248792598,404,actual_behavior,activity_pedo
Q3,mActivity_m_activity_value_1_count,-0.03918025699535808,0.03918025699535808,450,actual_behavior,activity_code
Q3,mActivity_m_activity_unique_count,-0.03658482053003007,0.03658482053003007,450,coverage_proxy,activity_code
Q3,wPedo_burned_calories_std,-0.036408266668826475,0.036408266668826475,404,actual_behavior,activity_pedo
Q3,mActivity_m_activity_value_0_ratio,-0.03477992085818181,0.03477992085818181,450,actual_behavior,activity_code
Q3,mActivity_m_activity_value_4_count,-0.03477408121645076,0.03477408121645076,450,actual_behavior,activity_code
Q3,mActivity_m_activity_value_3_ratio,0.03421791515216651,0.03421791515216651,450,actual_behavior,activity_code
Q3,mActivity_m_activity_value_4_ratio,-0.03361972039246038,0.03361972039246038,450,actual_behavior,activity_code
Q3,wLight_w_light_sum,-0.0325848051218077,0.0325848051218077,414,actual_behavior,light
Q3,wLight_w_light_nonzero_count,-0.0316159248696696,0.0316159248696696,414,coverage_proxy,light
Q3,wPedo_burned_calories_max,-0.030090328086884884,0.030090328086884884,404,actual_behavior,activity_pedo
Q3,mScreenStatus_m_screen_use_unique_count,-0.029425151406053805,0.029425151406053805,450,coverage_proxy,screen
Q3,mScreenStatus_m_screen_use_value_0_ratio,-0.02846402681225286,0.02846402681225286,450,actual_behavior,screen
Q3,mScreenStatus_m_screen_use_value_1_ratio,0.02846402681225286,0.02846402681225286,450,actual_behavior,screen
Q3,wPedo_distance_nonzero_count,-0.02394787141978295,0.02394787141978295,404,coverage_proxy,activity_pedo
Q3,wPedo_speed_nonzero_count,-0.02394787141978295,0.02394787141978295,404,coverage_proxy,activity_pedo
Q3,wPedo_step_frequency_nonzero_count,-0.02394787141978295,0.02394787141978295,404,coverage_proxy,activity_pedo
Q3,wPedo_step_nonzero_count,-0.02394787141978295,0.02394787141978295,404,coverage_proxy,activity_pedo
Q3,mACStatus_m_charging_value_1_count,0.022779332588413893,0.022779332588413893,450,actual_behavior,charging
Q3,wPedo_burned_calories_nonzero_count,-0.018450208568829844,0.018450208568829844,404,coverage_proxy,activity_pedo
Q3,mACStatus_m_charging_value_0_count,0.017344883698908624,0.017344883698908624,450,actual_behavior,charging
Q3,wLight_row_count,0.016493676324073926,0.016493676324073926,414,coverage_proxy,light
Q3,wLight_w_light_nonnull_count,0.016493676324073926,0.016493676324073926,414,coverage_proxy,light
Q3,wLight_w_light_q99,-0.016077157353107562,0.016077157353107562,414,actual_behavior,light
Q3,mActivity_m_activity_value_0_count,-0.015207878162555866,0.015207878162555866,450,actual_behavior,activity_code
Q3,wLight_w_light_std,-0.013449352541274738,0.013449352541274738,414,actual_behavior,light
Q3,mACStatus_m_charging_value_0_ratio,-0.012009635283358638,0.012009635283358638,450,actual_behavior,charging
Q3,mACStatus_m_charging_value_1_ratio,0.012009635283358638,0.012009635283358638,450,actual_behavior,charging
Q3,wLight_w_light_max,0.011947418404465398,0.011947418404465398,414,actual_behavior,light
Q3,mUsageStats_m_usage_stats_object_len_nonnull_count,-0.01102905474657604,0.01102905474657604,440,coverage_proxy,app_usage
Q3,mUsageStats_m_usage_stats_object_len_nonzero_count,-0.01102905474657604,0.01102905474657604,440,coverage_proxy,app_usage
Q3,mUsageStats_m_usage_stats_object_len_sum,-0.01102905474657604,0.01102905474657604,440,coverage_proxy,app_usage
Q3,mUsageStats_row_count,-0.01102905474657604,0.01102905474657604,440,coverage_proxy,app_usage
Q3,mScreenStatus_m_screen_use_value_0_count,-0.010248232889915165,0.010248232889915165,450,actual_behavior,screen
Q3,wLight_w_light_min,-0.008684942690050886,0.008684942690050886,414,actual_behavior,light
Q3,mLight_m_light_zero_count,0.004241968450720859,0.004241968450720859,450,coverage_proxy,light
Q3,wLight_w_light_q95,0.0015802528089334448,0.0015802528089334448,414,actual_behavior,light
S1,wPedo_distance_q75,0.1904619996365104,0.1904619996365104,404,actual_behavior,activity_pedo
S1,wPedo_speed_q75,0.1904619996365104,0.1904619996365104,404,actual_behavior,activity_pedo
S1,wPedo_step_frequency_q75,0.16557759925881804,0.16557759925881804,404,actual_behavior,activity_pedo
S1,wPedo_step_q75,0.16557759925881804,0.16557759925881804,404,actual_behavior,activity_pedo
S1,mLight_m_light_min,-0.12818353899778606,0.12818353899778606,450,actual_behavior,light
S1,mScreenStatus_m_screen_use_value_0_ratio,0.12624076022773922,0.12624076022773922,450,actual_behavior,screen
S1,mScreenStatus_m_screen_use_value_1_ratio,-0.12624076022773922,0.12624076022773922,450,actual_behavior,screen
S1,mScreenStatus_m_screen_use_value_0_count,0.12331499718640186,0.12331499718640186,450,actual_behavior,screen
S1,wPedo_burned_calories_q75,0.11815617540271486,0.11815617540271486,404,actual_behavior,activity_pedo
S1,mScreenStatus_m_screen_use_value_1_count,-0.10461007242661302,0.10461007242661302,450,actual_behavior,screen
S1,mBle_m_ble_object_len_nonnull_count,-0.1043941252155112,0.1043941252155112,416,coverage_proxy,coverage_or_object_proxy
S1,mBle_m_ble_object_len_nonzero_count,-0.1043941252155112,0.1043941252155112,416,coverage_proxy,coverage_or_object_proxy
S1,mBle_m_ble_object_len_sum,-0.1043941252155112,0.1043941252155112,416,coverage_proxy,coverage_or_object_proxy
S1,mBle_row_count,-0.1043941252155112,0.1043941252155112,416,coverage_proxy,coverage_or_object_proxy
S1,wLight_w_light_median,-0.09655481132076725,0.09655481132076725,414,actual_behavior,light
S1,mACStatus_m_charging_unique_count,0.09291162146339338,0.09291162146339338,450,coverage_proxy,charging
S1,wLight_w_light_q25,-0.08737504092900927,0.08737504092900927,414,actual_behavior,light
S1,wPedo_burned_calories_q95,-0.07972985538579859,0.07972985538579859,404,actual_behavior,activity_pedo
S1,wLight_w_light_mean,-0.07914482512212657,0.07914482512212657,414,actual_behavior,light
S1,mScreenStatus_m_screen_use_unique_count,0.0779543767785437,0.0779543767785437,450,coverage_proxy,screen
S1,wLight_w_light_q95,-0.0742725815977097,0.0742725815977097,414,actual_behavior,light
S1,mLight_m_light_zero_count,0.07346267950532341,0.07346267950532341,450,coverage_proxy,light
S1,wPedo_burned_calories_mean,-0.0713573364133622,0.0713573364133622,404,actual_behavior,activity_pedo
S1,wPedo_burned_calories_std,-0.07054460144659641,0.07054460144659641,404,actual_behavior,activity_pedo
S1,mUsageStats_m_usage_stats_object_len_nonnull_count,-0.06313769179730902,0.06313769179730902,440,coverage_proxy,app_usage
S1,mUsageStats_m_usage_stats_object_len_nonzero_count,-0.06313769179730902,0.06313769179730902,440,coverage_proxy,app_usage
S1,mUsageStats_m_usage_stats_object_len_sum,-0.06313769179730902,0.06313769179730902,440,coverage_proxy,app_usage
S1,mUsageStats_row_count,-0.06313769179730902,0.06313769179730902,440,coverage_proxy,app_usage
S1,wPedo_distance_q95,-0.06157291169015995,0.06157291169015995,404,actual_behavior,activity_pedo
S1,wPedo_speed_q95,-0.06157291169015995,0.06157291169015995,404,actual_behavior,activity_pedo
S1,wPedo_step_frequency_q95,-0.06055583798477029,0.06055583798477029,404,actual_behavior,activity_pedo
S1,wPedo_step_q95,-0.06055583798477029,0.06055583798477029,404,actual_behavior,activity_pedo
S1,wLight_w_light_zero_count,0.060503316510906895,0.060503316510906895,414,coverage_proxy,light
S1,mLight_m_light_median,-0.05757354174449632,0.05757354174449632,450,actual_behavior,light
S1,mActivity_m_activity_value_0_ratio,-0.055115090914695415,0.055115090914695415,450,actual_behavior,activity_code
S1,mACStatus_m_charging_value_0_count,0.05382521350083042,0.05382521350083042,450,actual_behavior,charging
S1,mActivity_m_activity_value_7_ratio,-0.05194566365741962,0.05194566365741962,450,actual_behavior,activity_code
S1,mLight_m_light_max,-0.05182881450633884,0.05182881450633884,450,actual_behavior,light
S1,mLight_m_light_std,-0.05126007634600404,0.05126007634600404,450,actual_behavior,light
S1,wPedo_burned_calories_max,-0.04880556257267856,0.04880556257267856,404,actual_behavior,activity_pedo
S1,wLight_w_light_q99,-0.04792377381465177,0.04792377381465177,414,actual_behavior,light
S1,mLight_m_light_nonzero_count,-0.04741653853215516,0.04741653853215516,450,coverage_proxy,light
S1,wPedo_distance_std,-0.04737376382018032,0.04737376382018032,404,actual_behavior,activity_pedo
S1,wPedo_speed_std,-0.04737376382018032,0.04737376382018032,404,actual_behavior,activity_pedo
S1,mActivity_m_activity_unique_count,-0.04639197102874327,0.04639197102874327,450,coverage_proxy,activity_code
S1,wPedo_step_frequency_std,-0.04271501993390858,0.04271501993390858,404,actual_behavior,activity_pedo
S1,wPedo_step_std,-0.04271501993390858,0.04271501993390858,404,actual_behavior,activity_pedo
S1,wPedo_burned_calories_sum,-0.04270863409400808,0.04270863409400808,404,actual_behavior,activity_pedo
S1,wPedo_burned_calories_q99,-0.04269303252438627,0.04269303252438627,404,actual_behavior,activity_pedo
S1,mActivity_m_activity_value_7_count,-0.042067185997554817,0.042067185997554817,450,actual_behavior,activity_code
S1,wLight_w_light_q75,-0.0389826328610276,0.0389826328610276,414,actual_behavior,light
S1,mLight_m_light_mean,-0.03779433717782034,0.03779433717782034,450,actual_behavior,light
S1,mGps_m_gps_object_len_nonnull_count,0.037171296420601775,0.037171296420601775,425,coverage_proxy,coverage_or_object_proxy
S1,mGps_m_gps_object_len_nonzero_count,0.037171296420601775,0.037171296420601775,425,coverage_proxy,coverage_or_object_proxy
S1,mGps_m_gps_object_len_sum,0.037171296420601775,0.037171296420601775,425,coverage_proxy,coverage_or_object_proxy
S1,mGps_row_count,0.037171296420601775,0.037171296420601775,425,coverage_proxy,coverage_or_object_proxy
S1,mACStatus_m_charging_value_1_count,-0.03692288890037333,0.03692288890037333,450,actual_behavior,charging
S1,wPedo_distance_mean,-0.036696730732819205,0.036696730732819205,404,actual_behavior,activity_pedo
S1,wPedo_speed_mean,-0.036696730732819205,0.036696730732819205,404,actual_behavior,activity_pedo
S1,wPedo_step_frequency_mean,-0.03464870065044276,0.03464870065044276,404,actual_behavior,activity_pedo
S1,wPedo_step_mean,-0.03464870065044276,0.03464870065044276,404,actual_behavior,activity_pedo
S1,mActivity_m_activity_value_0_count,-0.033374962504351104,0.033374962504351104,450,actual_behavior,activity_code
S1,wLight_w_light_std,-0.031016076638240325,0.031016076638240325,414,actual_behavior,light
S1,mACStatus_m_charging_value_0_ratio,0.030958822969000065,0.030958822969000065,450,actual_behavior,charging
S1,mACStatus_m_charging_value_1_ratio,-0.030958822969000065,0.030958822969000065,450,actual_behavior,charging
S1,mActivity_m_activity_value_4_ratio,0.03069558687052644,0.03069558687052644,450,actual_behavior,activity_code
S1,wHr_heart_rate_object_len_nonnull_count,0.029995171685848348,0.029995171685848348,391,coverage_proxy,heart_rate
S1,wHr_heart_rate_object_len_nonzero_count,0.029995171685848348,0.029995171685848348,391,coverage_proxy,heart_rate
S1,wHr_heart_rate_object_len_sum,0.029995171685848348,0.029995171685848348,391,coverage_proxy,heart_rate
S1,wHr_row_count,0.029995171685848348,0.029995171685848348,391,coverage_proxy,heart_rate
S1,mLight_m_light_sum,-0.02962260643783734,0.02962260643783734,450,actual_behavior,light
S1,wLight_row_count,0.02922270874438977,0.02922270874438977,414,coverage_proxy,light
S1,wLight_w_light_nonnull_count,0.02922270874438977,0.02922270874438977,414,coverage_proxy,light
S1,mActivity_m_activity_value_3_ratio,0.027979888338079555,0.027979888338079555,450,actual_behavior,activity_code
S1,mActivity_m_activity_value_1_ratio,-0.025483112858732622,0.025483112858732622,450,actual_behavior,activity_code
S1,mWifi_m_wifi_object_len_nonnull_count,-0.02216689084456349,0.02216689084456349,439,coverage_proxy,coverage_or_object_proxy
S1,mWifi_m_wifi_object_len_nonzero_count,-0.02216689084456349,0.02216689084456349,439,coverage_proxy,coverage_or_object_proxy
S1,mWifi_m_wifi_object_len_sum,-0.02216689084456349,0.02216689084456349,439,coverage_proxy,coverage_or_object_proxy
S1,mWifi_row_count,-0.02216689084456349,0.02216689084456349,439,coverage_proxy,coverage_or_object_proxy
S1,mActivity_m_activity_value_1_count,-0.022157696615829243,0.022157696615829243,450,actual_behavior,activity_code
S1,wLight_w_light_min,0.020893590505307327,0.020893590505307327,414,actual_behavior,light
S1,wPedo_distance_q99,-0.0208930465570152,0.0208930465570152,404,actual_behavior,activity_pedo
S1,wPedo_speed_q99,-0.0208930465570152,0.0208930465570152,404,actual_behavior,activity_pedo
S1,mActivity_m_activity_value_8_count,0.018759323119334523,0.018759323119334523,450,actual_behavior,activity_code
S1,wPedo_distance_zero_count,0.01842244785649156,0.01842244785649156,404,coverage_proxy,activity_pedo
S1,wPedo_speed_zero_count,0.01842244785649156,0.01842244785649156,404,coverage_proxy,activity_pedo
S1,wPedo_step_frequency_zero_count,0.01842244785649156,0.01842244785649156,404,coverage_proxy,activity_pedo
S1,wPedo_step_zero_count,0.01842244785649156,0.01842244785649156,404,coverage_proxy,activity_pedo
S1,wPedo_burned_calories_zero_count,0.017114817133928,0.017114817133928,404,coverage_proxy,activity_pedo
S1,mLight_m_light_nonnull_count,0.016873809815999265,0.016873809815999265,450,coverage_proxy,light
S1,mLight_row_count,0.016873809815999265,0.016873809815999265,450,coverage_proxy,light
S1,mAmbience_m_ambience_object_len_nonnull_count,0.0164320214240641,0.0164320214240641,450,coverage_proxy,coverage_or_object_proxy
S1,mAmbience_m_ambience_object_len_nonzero_count,0.0164320214240641,0.0164320214240641,450,coverage_proxy,coverage_or_object_proxy
S1,mAmbience_m_ambience_object_len_sum,0.0164320214240641,0.0164320214240641,450,coverage_proxy,coverage_or_object_proxy
S1,mAmbience_row_count,0.0164320214240641,0.0164320214240641,450,coverage_proxy,coverage_or_object_proxy
S1,mActivity_m_activity_value_8_ratio,0.015530267063046135,0.015530267063046135,450,actual_behavior,activity_code
S1,mActivity_m_activity_value_4_count,0.014981080091068572,0.014981080091068572,450,actual_behavior,activity_code
S1,wLight_w_light_sum,-0.01374751060614603,0.01374751060614603,414,actual_behavior,light
S1,mLight_m_light_q75,-0.013346974687811333,0.013346974687811333,450,actual_behavior,light
S1,wPedo_distance_sum,-0.013218369302051624,0.013218369302051624,404,actual_behavior,activity_pedo
S1,wPedo_speed_sum,-0.013218369302051624,0.013218369302051624,404,actual_behavior,activity_pedo
S1,wPedo_burned_calories_nonnull_count,0.012647519256241196,0.012647519256241196,404,coverage_proxy,activity_pedo
S1,wPedo_distance_nonnull_count,0.012647519256241196,0.012647519256241196,404,coverage_proxy,activity_pedo
S1,wPedo_row_count,0.012647519256241196,0.012647519256241196,404,coverage_proxy,activity_pedo
S1,wPedo_running_step_nonnull_count,0.012647519256241196,0.012647519256241196,404,coverage_proxy,activity_pedo
S1,wPedo_running_step_zero_count,0.012647519256241196,0.012647519256241196,404,coverage_proxy,activity_pedo
S1,wPedo_speed_nonnull_count,0.012647519256241196,0.012647519256241196,404,coverage_proxy,activity_pedo
S1,wPedo_step_frequency_nonnull_count,0.012647519256241196,0.012647519256241196,404,coverage_proxy,activity_pedo
S1,wPedo_step_nonnull_count,0.012647519256241196,0.012647519256241196,404,coverage_proxy,activity_pedo
S1,wPedo_walking_step_nonnull_count,0.012647519256241196,0.012647519256241196,404,coverage_proxy,activity_pedo
S1,wPedo_walking_step_zero_count,0.012647519256241196,0.012647519256241196,404,coverage_proxy,activity_pedo
S1,wPedo_distance_max,-0.011587699470315365,0.011587699470315365,404,actual_behavior,activity_pedo
S1,wPedo_speed_max,-0.011587699470315365,0.011587699470315365,404,actual_behavior,activity_pedo
S1,mLight_m_light_q99,-0.011282746060795677,0.011282746060795677,450,actual_behavior,light
S1,wPedo_step_frequency_sum,-0.011066889620313871,0.011066889620313871,404,actual_behavior,activity_pedo
S1,wPedo_step_sum,-0.011066889620313871,0.011066889620313871,404,actual_behavior,activity_pedo
S1,mLight_m_light_q95,-0.009307402587826676,0.009307402587826676,450,actual_behavior,light
S1,wLight_w_light_max,-0.009284605851886694,0.009284605851886694,414,actual_behavior,light
S1,mScreenStatus_m_screen_use_nonnull_count,0.008357342241180003,0.008357342241180003,450,coverage_proxy,screen
S1,mScreenStatus_row_count,0.008357342241180003,0.008357342241180003,450,coverage_proxy,screen
S1,wPedo_burned_calories_nonzero_count,0.00793123625084291,0.00793123625084291,404,coverage_proxy,activity_pedo
S1,wPedo_distance_nonzero_count,0.0078016004837644665,0.0078016004837644665,404,coverage_proxy,activity_pedo
S1,wPedo_speed_nonzero_count,0.0078016004837644665,0.0078016004837644665,404,coverage_proxy,activity_pedo
S1,wPedo_step_frequency_nonzero_count,0.0078016004837644665,0.0078016004837644665,404,coverage_proxy,activity_pedo
S1,wPedo_step_nonzero_count,0.0078016004837644665,0.0078016004837644665,404,coverage_proxy,activity_pedo
S1,wPedo_step_frequency_q99,-0.007739245046885002,0.007739245046885002,404,actual_behavior,activity_pedo
S1,wPedo_step_q99,-0.007739245046885002,0.007739245046885002,404,actual_behavior,activity_pedo
S1,wPedo_step_frequency_max,-0.007571205705995176,0.007571205705995176,404,actual_behavior,activity_pedo
S1,wPedo_step_max,-0.007571205705995176,0.007571205705995176,404,actual_behavior,activity_pedo
S1,mActivity_m_activity_nonnull_count,0.007443233547266266,0.007443233547266266,450,coverage_proxy,activity_code
S1,mActivity_row_count,0.007443233547266266,0.007443233547266266,450,coverage_proxy,activity_code
S1,mLight_m_light_q25,0.007147309541974587,0.007147309541974587,450,actual_behavior,light
S1,mActivity_m_activity_value_3_count,-0.006923434082618993,0.006923434082618993,450,actual_behavior,activity_code
S1,wLight_w_light_nonzero_count,-0.0031263630932722108,0.0031263630932722108,414,coverage_proxy,light
S1,mACStatus_m_charging_nonnull_count,-0.0014704630360186256,0.0014704630360186256,450,coverage_proxy,charging
S1,mACStatus_row_count,-0.0014704630360186256,0.0014704630360186256,450,coverage_proxy,charging
S2,wPedo_distance_q75,0.13351425697428565,0.13351425697428565,404,actual_behavior,activity_pedo
S2,wPedo_speed_q75,0.13351425697428565,0.13351425697428565,404,actual_behavior,activity_pedo
S2,wPedo_burned_calories_q75,0.1279842271152026,0.1279842271152026,404,actual_behavior,activity_pedo
S2,wLight_w_light_min,0.1192972403946009,0.1192972403946009,414,actual_behavior,light
S2,wPedo_step_frequency_q75,0.11032430015611175,0.11032430015611175,404,actual_behavior,activity_pedo
S2,wPedo_step_q75,0.11032430015611175,0.11032430015611175,404,actual_behavior,activity_pedo
S2,wLight_w_light_nonzero_count,0.09016561217538173,0.09016561217538173,414,coverage_proxy,light
S2,mActivity_m_activity_value_8_count,0.07668193660037287,0.07668193660037287,450,actual_behavior,activity_code
S2,mActivity_m_activity_value_8_ratio,0.07474939510802674,0.07474939510802674,450,actual_behavior,activity_code
S2,mActivity_m_activity_value_4_ratio,0.07406186694854384,0.07406186694854384,450,actual_behavior,activity_code
S2,wHr_heart_rate_object_len_nonnull_count,0.072495439977596,0.072495439977596,391,coverage_proxy,heart_rate
S2,wHr_heart_rate_object_len_nonzero_count,0.072495439977596,0.072495439977596,391,coverage_proxy,heart_rate
S2,wHr_heart_rate_object_len_sum,0.072495439977596,0.072495439977596,391,coverage_proxy,heart_rate
S2,wHr_row_count,0.072495439977596,0.072495439977596,391,coverage_proxy,heart_rate
S2,wLight_w_light_q25,-0.06647881469199268,0.06647881469199268,414,actual_behavior,light
S2,wPedo_distance_nonzero_count,0.0655593231253922,0.0655593231253922,404,coverage_proxy,activity_pedo
S2,wPedo_speed_nonzero_count,0.0655593231253922,0.0655593231253922,404,coverage_proxy,activity_pedo
S2,wPedo_step_frequency_nonzero_count,0.0655593231253922,0.0655593231253922,404,coverage_proxy,activity_pedo
S2,wPedo_step_nonzero_count,0.0655593231253922,0.0655593231253922,404,coverage_proxy,activity_pedo
S2,mActivity_m_activity_value_4_count,0.0646898422780754,0.0646898422780754,450,actual_behavior,activity_code
S2,mActivity_m_activity_value_3_count,-0.058134841500965186,0.058134841500965186,450,actual_behavior,activity_code
S2,mWifi_m_wifi_object_len_nonnull_count,0.05650413032830338,0.05650413032830338,439,coverage_proxy,coverage_or_object_proxy
S2,mWifi_m_wifi_object_len_nonzero_count,0.05650413032830338,0.05650413032830338,439,coverage_proxy,coverage_or_object_proxy
S2,mWifi_m_wifi_object_len_sum,0.05650413032830338,0.05650413032830338,439,coverage_proxy,coverage_or_object_proxy
S2,mWifi_row_count,0.05650413032830338,0.05650413032830338,439,coverage_proxy,coverage_or_object_proxy
S2,mACStatus_m_charging_nonnull_count,-0.05641262005778444,0.05641262005778444,450,coverage_proxy,charging
S2,mACStatus_row_count,-0.05641262005778444,0.05641262005778444,450,coverage_proxy,charging
S2,mACStatus_m_charging_unique_count,0.05612655033158279,0.05612655033158279,450,coverage_proxy,charging
S2,wLight_row_count,0.05264350715858676,0.05264350715858676,414,coverage_proxy,light
S2,wLight_w_light_nonnull_count,0.05264350715858676,0.05264350715858676,414,coverage_proxy,light
S2,wPedo_burned_calories_q95,-0.052164716039797665,0.052164716039797665,404,actual_behavior,activity_pedo
S2,wLight_w_light_sum,0.05208084809180227,0.05208084809180227,414,actual_behavior,light
S2,wPedo_burned_calories_q99,-0.050860754368669894,0.050860754368669894,404,actual_behavior,activity_pedo
S2,mLight_m_light_min,-0.050587998872882865,0.050587998872882865,450,actual_behavior,light
S2,mActivity_m_activity_nonnull_count,-0.04909015555736319,0.04909015555736319,450,coverage_proxy,activity_code
S2,mActivity_row_count,-0.04909015555736319,0.04909015555736319,450,coverage_proxy,activity_code
S2,wPedo_distance_q99,-0.04888679855797337,0.04888679855797337,404,actual_behavior,activity_pedo
S2,wPedo_speed_q99,-0.04888679855797337,0.04888679855797337,404,actual_behavior,activity_pedo
S2,wPedo_burned_calories_nonzero_count,0.04671745204261029,0.04671745204261029,404,coverage_proxy,activity_pedo
S2,mUsageStats_m_usage_stats_object_len_nonnull_count,0.0462380580054912,0.0462380580054912,440,coverage_proxy,app_usage
S2,mUsageStats_m_usage_stats_object_len_nonzero_count,0.0462380580054912,0.0462380580054912,440,coverage_proxy,app_usage
S2,mUsageStats_m_usage_stats_object_len_sum,0.0462380580054912,0.0462380580054912,440,coverage_proxy,app_usage
S2,mUsageStats_row_count,0.0462380580054912,0.0462380580054912,440,coverage_proxy,app_usage
S2,mActivity_m_activity_value_0_count,0.043459350960354894,0.043459350960354894,450,actual_behavior,activity_code
S2,mAmbience_m_ambience_object_len_nonnull_count,-0.04307134602994964,0.04307134602994964,450,coverage_proxy,coverage_or_object_proxy
S2,mAmbience_m_ambience_object_len_nonzero_count,-0.04307134602994964,0.04307134602994964,450,coverage_proxy,coverage_or_object_proxy
S2,mAmbience_m_ambience_object_len_sum,-0.04307134602994964,0.04307134602994964,450,coverage_proxy,coverage_or_object_proxy
S2,mAmbience_row_count,-0.04307134602994964,0.04307134602994964,450,coverage_proxy,coverage_or_object_proxy
S2,wPedo_distance_q95,-0.04259769795981561,0.04259769795981561,404,actual_behavior,activity_pedo
S2,wPedo_speed_q95,-0.04259769795981561,0.04259769795981561,404,actual_behavior,activity_pedo
S2,mLight_m_light_median,0.0419076681964266,0.0419076681964266,450,actual_behavior,light
S2,wPedo_step_frequency_sum,0.040619161650499884,0.040619161650499884,404,actual_behavior,activity_pedo
S2,wPedo_step_sum,0.040619161650499884,0.040619161650499884,404,actual_behavior,activity_pedo
S2,wPedo_step_frequency_q95,-0.04054295599642439,0.04054295599642439,404,actual_behavior,activity_pedo
S2,wPedo_step_q95,-0.04054295599642439,0.04054295599642439,404,actual_behavior,activity_pedo
S2,wPedo_step_frequency_q99,-0.04032011420423959,0.04032011420423959,404,actual_behavior,activity_pedo
S2,wPedo_step_q99,-0.04032011420423959,0.04032011420423959,404,actual_behavior,activity_pedo
S2,wPedo_distance_std,-0.03903476169705041,0.03903476169705041,404,actual_behavior,activity_pedo
S2,wPedo_speed_std,-0.03903476169705041,0.03903476169705041,404,actual_behavior,activity_pedo
S2,wPedo_step_frequency_std,-0.03802140493146067,0.03802140493146067,404,actual_behavior,activity_pedo
S2,wPedo_step_std,-0.03802140493146067,0.03802140493146067,404,actual_behavior,activity_pedo
S2,wLight_w_light_q99,0.037957794554601645,0.037957794554601645,414,actual_behavior,light
S2,wPedo_distance_sum,0.0375408176573225,0.0375408176573225,404,actual_behavior,activity_pedo
S2,wPedo_speed_sum,0.0375408176573225,0.0375408176573225,404,actual_behavior,activity_pedo
S2,wPedo_burned_calories_nonnull_count,0.03713622131260483,0.03713622131260483,404,coverage_proxy,activity_pedo
S2,wPedo_distance_nonnull_count,0.03713622131260483,0.03713622131260483,404,coverage_proxy,activity_pedo
S2,wPedo_row_count,0.03713622131260483,0.03713622131260483,404,coverage_proxy,activity_pedo
S2,wPedo_running_step_nonnull_count,0.03713622131260483,0.03713622131260483,404,coverage_proxy,activity_pedo
S2,wPedo_running_step_zero_count,0.03713622131260483,0.03713622131260483,404,coverage_proxy,activity_pedo
S2,wPedo_speed_nonnull_count,0.03713622131260483,0.03713622131260483,404,coverage_proxy,activity_pedo
S2,wPedo_step_frequency_nonnull_count,0.03713622131260483,0.03713622131260483,404,coverage_proxy,activity_pedo
S2,wPedo_step_nonnull_count,0.03713622131260483,0.03713622131260483,404,coverage_proxy,activity_pedo
S2,wPedo_walking_step_nonnull_count,0.03713622131260483,0.03713622131260483,404,coverage_proxy,activity_pedo
S2,wPedo_walking_step_zero_count,0.03713622131260483,0.03713622131260483,404,coverage_proxy,activity_pedo
S2,wLight_w_light_std,0.03625918099471051,0.03625918099471051,414,actual_behavior,light
S2,mActivity_m_activity_value_0_ratio,0.035198252788070025,0.035198252788070025,450,actual_behavior,activity_code
S2,mScreenStatus_m_screen_use_nonnull_count,-0.03486850336767318,0.03486850336767318,450,coverage_proxy,screen
S2,mScreenStatus_row_count,-0.03486850336767318,0.03486850336767318,450,coverage_proxy,screen
S2,wPedo_burned_calories_std,-0.03325430394245346,0.03325430394245346,404,actual_behavior,activity_pedo
S2,mGps_m_gps_object_len_nonnull_count,0.03275223914612622,0.03275223914612622,425,coverage_proxy,coverage_or_object_proxy
S2,mGps_m_gps_object_len_nonzero_count,0.03275223914612622,0.03275223914612622,425,coverage_proxy,coverage_or_object_proxy
S2,mGps_m_gps_object_len_sum,0.03275223914612622,0.03275223914612622,425,coverage_proxy,coverage_or_object_proxy
S2,mGps_row_count,0.03275223914612622,0.03275223914612622,425,coverage_proxy,coverage_or_object_proxy
S2,wLight_w_light_median,-0.03258320720205394,0.03258320720205394,414,actual_behavior,light
S2,mLight_m_light_nonnull_count,-0.03085022566556137,0.03085022566556137,450,coverage_proxy,light
S2,mLight_row_count,-0.03085022566556137,0.03085022566556137,450,coverage_proxy,light
S2,mActivity_m_activity_value_3_ratio,-0.029123077672430043,0.029123077672430043,450,actual_behavior,activity_code
S2,wLight_w_light_max,0.029032389421240146,0.029032389421240146,414,actual_behavior,light
S2,mLight_m_light_q99,-0.028868904132619003,0.028868904132619003,450,actual_behavior,light
S2,mLight_m_light_q75,0.02859103364377664,0.02859103364377664,450,actual_behavior,light
S2,wPedo_burned_calories_sum,0.027552301969131922,0.027552301969131922,404,actual_behavior,activity_pedo
S2,wLight_w_light_zero_count,0.02754081700079265,0.02754081700079265,414,coverage_proxy,light
S2,wPedo_burned_calories_max,-0.026375831360640173,0.026375831360640173,404,actual_behavior,activity_pedo
S2,wPedo_burned_calories_zero_count,0.024729710095806375,0.024729710095806375,404,coverage_proxy,activity_pedo
S2,mLight_m_light_sum,0.024639802443883863,0.024639802443883863,450,actual_behavior,light
S2,mLight_m_light_mean,0.022329307977543653,0.022329307977543653,450,actual_behavior,light
S2,mActivity_m_activity_value_7_ratio,-0.02210081474224367,0.02210081474224367,450,actual_behavior,activity_code
S2,wPedo_distance_zero_count,0.021350065669008034,0.021350065669008034,404,coverage_proxy,activity_pedo
S2,wPedo_speed_zero_count,0.021350065669008034,0.021350065669008034,404,coverage_proxy,activity_pedo
S2,wPedo_step_frequency_zero_count,0.021350065669008034,0.021350065669008034,404,coverage_proxy,activity_pedo
S2,wPedo_step_zero_count,0.021350065669008034,0.021350065669008034,404,coverage_proxy,activity_pedo
S2,wPedo_distance_max,0.02119929946652982,0.02119929946652982,404,actual_behavior,activity_pedo
S2,wPedo_speed_max,0.02119929946652982,0.02119929946652982,404,actual_behavior,activity_pedo
S2,mACStatus_m_charging_value_1_count,-0.02056826519432781,0.02056826519432781,450,actual_behavior,charging
S2,wPedo_step_frequency_max,0.019147291970178483,0.019147291970178483,404,actual_behavior,activity_pedo
S2,wPedo_step_max,0.019147291970178483,0.019147291970178483,404,actual_behavior,activity_pedo
S2,wLight_w_light_q75,-0.018760625635857727,0.018760625635857727,414,actual_behavior,light
S2,wPedo_burned_calories_mean,-0.01761277553041215,0.01761277553041215,404,actual_behavior,activity_pedo
S2,mActivity_m_activity_value_7_count,-0.016876039252828323,0.016876039252828323,450,actual_behavior,activity_code
S2,wPedo_distance_mean,-0.015233832032367159,0.015233832032367159,404,actual_behavior,activity_pedo
S2,wPedo_speed_mean,-0.015233832032367159,0.015233832032367159,404,actual_behavior,activity_pedo
S2,wPedo_step_frequency_mean,-0.014754248262408096,0.014754248262408096,404,actual_behavior,activity_pedo
S2,wPedo_step_mean,-0.014754248262408096,0.014754248262408096,404,actual_behavior,activity_pedo
S2,mScreenStatus_m_screen_use_value_1_count,-0.01406993244940147,0.01406993244940147,450,actual_behavior,screen
S2,mLight_m_light_q25,-0.013328340739963869,0.013328340739963869,450,actual_behavior,light
S2,mScreenStatus_m_screen_use_value_0_ratio,0.013222925090272342,0.013222925090272342,450,actual_behavior,screen
S2,mScreenStatus_m_screen_use_value_1_ratio,-0.013222925090272342,0.013222925090272342,450,actual_behavior,screen
S2,mScreenStatus_m_screen_use_unique_count,-0.012298321452849778,0.012298321452849778,450,coverage_proxy,screen
S2,mLight_m_light_q95,0.010800931275434127,0.010800931275434127,450,actual_behavior,light
S2,mScreenStatus_m_screen_use_value_0_count,0.007228063108508956,0.007228063108508956,450,actual_behavior,screen
S2,mActivity_m_activity_value_1_ratio,0.007211394594800869,0.007211394594800869,450,actual_behavior,activity_code
S2,mActivity_m_activity_value_1_count,0.007205468272306123,0.007205468272306123,450,actual_behavior,activity_code
S2,mACStatus_m_charging_value_0_ratio,0.0067151477747470515,0.0067151477747470515,450,actual_behavior,charging
S2,mACStatus_m_charging_value_1_ratio,-0.0067151477747470515,0.0067151477747470515,450,actual_behavior,charging
S2,wLight_w_light_q95,-0.006642041718440771,0.006642041718440771,414,actual_behavior,light
S2,mBle_m_ble_object_len_nonnull_count,-0.0065200819083601185,0.0065200819083601185,416,coverage_proxy,coverage_or_object_proxy
S2,mBle_m_ble_object_len_nonzero_count,-0.0065200819083601185,0.0065200819083601185,416,coverage_proxy,coverage_or_object_proxy
S2,mBle_m_ble_object_len_sum,-0.0065200819083601185,0.0065200819083601185,416,coverage_proxy,coverage_or_object_proxy
S2,mBle_row_count,-0.0065200819083601185,0.0065200819083601185,416,coverage_proxy,coverage_or_object_proxy
S2,mActivity_m_activity_unique_count,0.006367594921224359,0.006367594921224359,450,coverage_proxy,activity_code
S2,mLight_m_light_zero_count,0.004623049724853913,0.004623049724853913,450,coverage_proxy,light
S2,wLight_w_light_mean,-0.004133992712955196,0.004133992712955196,414,actual_behavior,light
S2,mLight_m_light_nonzero_count,-0.0026143825542043384,0.0026143825542043384,450,coverage_proxy,light
S2,mLight_m_light_std,0.0025610970002760375,0.0025610970002760375,450,actual_behavior,light
S2,mACStatus_m_charging_value_0_count,-0.0013608734910262425,0.0013608734910262425,450,actual_behavior,charging
S2,mLight_m_light_max,-0.0012341151665953146,0.0012341151665953146,450,actual_behavior,light
S3,wPedo_distance_q75,0.11871438520720413,0.11871438520720413,404,actual_behavior,activity_pedo
S3,wPedo_speed_q75,0.11871438520720413,0.11871438520720413,404,actual_behavior,activity_pedo
S3,mScreenStatus_m_screen_use_unique_count,-0.11460598839924105,0.11460598839924105,450,coverage_proxy,screen
S3,wPedo_step_frequency_q75,0.10363463173411423,0.10363463173411423,404,actual_behavior,activity_pedo
S3,wPedo_step_q75,0.10363463173411423,0.10363463173411423,404,actual_behavior,activity_pedo
S3,wHr_heart_rate_object_len_nonnull_count,0.10145533213392978,0.10145533213392978,391,coverage_proxy,heart_rate
S3,wHr_heart_rate_object_len_nonzero_count,0.10145533213392978,0.10145533213392978,391,coverage_proxy,heart_rate
S3,wHr_heart_rate_object_len_sum,0.10145533213392978,0.10145533213392978,391,coverage_proxy,heart_rate
S3,wHr_row_count,0.10145533213392978,0.10145533213392978,391,coverage_proxy,heart_rate
S3,mACStatus_m_charging_value_0_ratio,0.09089007643375975,0.09089007643375975,450,actual_behavior,charging
S3,mACStatus_m_charging_value_1_ratio,-0.09089007643375975,0.09089007643375975,450,actual_behavior,charging
S3,wPedo_burned_calories_max,0.09060436253791951,0.09060436253791951,404,actual_behavior,activity_pedo
S3,wLight_w_light_q25,0.08943917049628647,0.08943917049628647,414,actual_behavior,light
S3,wLight_w_light_nonzero_count,0.08748412205029378,0.08748412205029378,414,coverage_proxy,light
S3,mUsageStats_m_usage_stats_object_len_nonnull_count,0.08495616850523699,0.08495616850523699,440,coverage_proxy,app_usage
S3,mUsageStats_m_usage_stats_object_len_nonzero_count,0.08495616850523699,0.08495616850523699,440,coverage_proxy,app_usage
S3,mUsageStats_m_usage_stats_object_len_sum,0.08495616850523699,0.08495616850523699,440,coverage_proxy,app_usage
S3,mUsageStats_row_count,0.08495616850523699,0.08495616850523699,440,coverage_proxy,app_usage
S3,wPedo_burned_calories_sum,0.08418336436071629,0.08418336436071629,404,actual_behavior,activity_pedo
S3,wPedo_burned_calories_nonnull_count,0.08303464569241363,0.08303464569241363,404,coverage_proxy,activity_pedo
S3,wPedo_distance_nonnull_count,0.08303464569241363,0.08303464569241363,404,coverage_proxy,activity_pedo
S3,wPedo_row_count,0.08303464569241363,0.08303464569241363,404,coverage_proxy,activity_pedo
S3,wPedo_running_step_nonnull_count,0.08303464569241363,0.08303464569241363,404,coverage_proxy,activity_pedo
S3,wPedo_running_step_zero_count,0.08303464569241363,0.08303464569241363,404,coverage_proxy,activity_pedo
S3,wPedo_speed_nonnull_count,0.08303464569241363,0.08303464569241363,404,coverage_proxy,activity_pedo
S3,wPedo_step_frequency_nonnull_count,0.08303464569241363,0.08303464569241363,404,coverage_proxy,activity_pedo
S3,wPedo_step_nonnull_count,0.08303464569241363,0.08303464569241363,404,coverage_proxy,activity_pedo
S3,wPedo_walking_step_nonnull_count,0.08303464569241363,0.08303464569241363,404,coverage_proxy,activity_pedo
S3,wPedo_walking_step_zero_count,0.08303464569241363,0.08303464569241363,404,coverage_proxy,activity_pedo
S3,wLight_w_light_q75,0.07966151733538102,0.07966151733538102,414,actual_behavior,light
S3,mACStatus_m_charging_value_1_count,-0.07962840030192146,0.07962840030192146,450,actual_behavior,charging
S3,wPedo_burned_calories_zero_count,0.0726340395527251,0.0726340395527251,404,coverage_proxy,activity_pedo
S3,mLight_m_light_min,-0.07257280333260926,0.07257280333260926,450,actual_behavior,light
S3,wPedo_distance_zero_count,0.07132740560653768,0.07132740560653768,404,coverage_proxy,activity_pedo
S3,wPedo_speed_zero_count,0.07132740560653768,0.07132740560653768,404,coverage_proxy,activity_pedo
S3,wPedo_step_frequency_zero_count,0.07132740560653768,0.07132740560653768,404,coverage_proxy,activity_pedo
S3,wPedo_step_zero_count,0.07132740560653768,0.07132740560653768,404,coverage_proxy,activity_pedo
S3,wPedo_burned_calories_std,0.07052851708843426,0.07052851708843426,404,actual_behavior,activity_pedo
S3,wPedo_distance_nonzero_count,0.0690182627783662,0.0690182627783662,404,coverage_proxy,activity_pedo
S3,wPedo_speed_nonzero_count,0.0690182627783662,0.0690182627783662,404,coverage_proxy,activity_pedo
S3,wPedo_step_frequency_nonzero_count,0.0690182627783662,0.0690182627783662,404,coverage_proxy,activity_pedo
S3,wPedo_step_nonzero_count,0.0690182627783662,0.0690182627783662,404,coverage_proxy,activity_pedo
S3,mAmbience_m_ambience_object_len_nonnull_count,-0.06690989097684488,0.06690989097684488,450,coverage_proxy,coverage_or_object_proxy
S3,mAmbience_m_ambience_object_len_nonzero_count,-0.06690989097684488,0.06690989097684488,450,coverage_proxy,coverage_or_object_proxy
S3,mAmbience_m_ambience_object_len_sum,-0.06690989097684488,0.06690989097684488,450,coverage_proxy,coverage_or_object_proxy
S3,mAmbience_row_count,-0.06690989097684488,0.06690989097684488,450,coverage_proxy,coverage_or_object_proxy
S3,mActivity_m_activity_nonnull_count,-0.06384623215545585,0.06384623215545585,450,coverage_proxy,activity_code
S3,mActivity_row_count,-0.06384623215545585,0.06384623215545585,450,coverage_proxy,activity_code
S3,mACStatus_m_charging_nonnull_count,-0.061208214211279525,0.061208214211279525,450,coverage_proxy,charging
S3,mACStatus_row_count,-0.061208214211279525,0.061208214211279525,450,coverage_proxy,charging
S3,mLight_m_light_zero_count,-0.060230328051086315,0.060230328051086315,450,coverage_proxy,light
S3,mActivity_m_activity_value_0_ratio,0.06008533842019933,0.06008533842019933,450,actual_behavior,activity_code
S3,mLight_m_light_q95,0.06006327173011621,0.06006327173011621,450,actual_behavior,light
S3,mActivity_m_activity_value_0_count,0.05956664609644188,0.05956664609644188,450,actual_behavior,activity_code
S3,wPedo_burned_calories_q75,0.0593498846446944,0.0593498846446944,404,actual_behavior,activity_pedo
S3,wPedo_step_frequency_sum,0.05904242542327979,0.05904242542327979,404,actual_behavior,activity_pedo
S3,wPedo_step_sum,0.05904242542327979,0.05904242542327979,404,actual_behavior,activity_pedo
S3,mLight_m_light_max,0.05889774928269365,0.05889774928269365,450,actual_behavior,light
S3,wPedo_burned_calories_nonzero_count,0.05851092302526635,0.05851092302526635,404,coverage_proxy,activity_pedo
S3,wLight_row_count,0.05796357680004804,0.05796357680004804,414,coverage_proxy,light
S3,wLight_w_light_nonnull_count,0.05796357680004804,0.05796357680004804,414,coverage_proxy,light
S3,mLight_m_light_std,0.05773293600723664,0.05773293600723664,450,actual_behavior,light
S3,wPedo_distance_sum,0.05756850237584242,0.05756850237584242,404,actual_behavior,activity_pedo
S3,wPedo_speed_sum,0.05756850237584242,0.05756850237584242,404,actual_behavior,activity_pedo
S3,wLight_w_light_min,0.055962993354625,0.055962993354625,414,actual_behavior,light
S3,mScreenStatus_m_screen_use_nonnull_count,-0.054355292744046095,0.054355292744046095,450,coverage_proxy,screen
S3,mScreenStatus_row_count,-0.054355292744046095,0.054355292744046095,450,coverage_proxy,screen
S3,mLight_m_light_nonzero_count,0.053360285372011304,0.053360285372011304,450,coverage_proxy,light
S3,mACStatus_m_charging_unique_count,0.05295847569416559,0.05295847569416559,450,coverage_proxy,charging
S3,mLight_m_light_nonnull_count,-0.049142886947138704,0.049142886947138704,450,coverage_proxy,light
S3,mLight_row_count,-0.049142886947138704,0.049142886947138704,450,coverage_proxy,light
S3,wLight_w_light_sum,0.04722419804890633,0.04722419804890633,414,actual_behavior,light
S3,mLight_m_light_mean,0.04566413709666872,0.04566413709666872,450,actual_behavior,light
S3,mActivity_m_activity_unique_count,-0.042470263724188224,0.042470263724188224,450,coverage_proxy,activity_code
S3,wPedo_burned_calories_mean,0.041731851656146554,0.041731851656146554,404,actual_behavior,activity_pedo
S3,mACStatus_m_charging_value_0_count,0.039304328731435634,0.039304328731435634,450,actual_behavior,charging
S3,mLight_m_light_sum,0.03864218719647235,0.03864218719647235,450,actual_behavior,light
S3,wLight_w_light_median,0.03747571005338048,0.03747571005338048,414,actual_behavior,light
S3,wPedo_step_frequency_q95,0.03697435583524735,0.03697435583524735,404,actual_behavior,activity_pedo
S3,wPedo_step_q95,0.03697435583524735,0.03697435583524735,404,actual_behavior,activity_pedo
S3,wPedo_distance_q95,0.036126924428761226,0.036126924428761226,404,actual_behavior,activity_pedo
S3,wPedo_speed_q95,0.036126924428761226,0.036126924428761226,404,actual_behavior,activity_pedo
S3,mLight_m_light_q25,-0.034395148533390596,0.034395148533390596,450,actual_behavior,light
S3,wPedo_burned_calories_q95,0.03415788107861049,0.03415788107861049,404,actual_behavior,activity_pedo
S3,mGps_m_gps_object_len_nonnull_count,-0.033197348538030864,0.033197348538030864,425,coverage_proxy,coverage_or_object_proxy
S3,mGps_m_gps_object_len_nonzero_count,-0.033197348538030864,0.033197348538030864,425,coverage_proxy,coverage_or_object_proxy
S3,mGps_m_gps_object_len_sum,-0.033197348538030864,0.033197348538030864,425,coverage_proxy,coverage_or_object_proxy
S3,mGps_row_count,-0.033197348538030864,0.033197348538030864,425,coverage_proxy,coverage_or_object_proxy
S3,mLight_m_light_median,0.030345608030311555,0.030345608030311555,450,actual_behavior,light
S3,wPedo_step_frequency_mean,0.028184716209985715,0.028184716209985715,404,actual_behavior,activity_pedo
S3,wPedo_step_mean,0.028184716209985715,0.028184716209985715,404,actual_behavior,activity_pedo
S3,wPedo_distance_mean,0.028015572130492036,0.028015572130492036,404,actual_behavior,activity_pedo
S3,wPedo_speed_mean,0.028015572130492036,0.028015572130492036,404,actual_behavior,activity_pedo
S3,wPedo_distance_q99,0.027321884668211838,0.027321884668211838,404,actual_behavior,activity_pedo
S3,wPedo_speed_q99,0.027321884668211838,0.027321884668211838,404,actual_behavior,activity_pedo
S3,wPedo_step_frequency_q99,0.027263431351885494,0.027263431351885494,404,actual_behavior,activity_pedo
S3,wPedo_step_q99,0.027263431351885494,0.027263431351885494,404,actual_behavior,activity_pedo
S3,wLight_w_light_q95,0.027087848281404554,0.027087848281404554,414,actual_behavior,light
S3,wLight_w_light_mean,0.025155860517730992,0.025155860517730992,414,actual_behavior,light
S3,mScreenStatus_m_screen_use_value_0_count,-0.024671350324297826,0.024671350324297826,450,actual_behavior,screen
S3,mLight_m_light_q75,0.023969169086083878,0.023969169086083878,450,actual_behavior,light
S3,mActivity_m_activity_value_4_ratio,0.022544083110005567,0.022544083110005567,450,actual_behavior,activity_code
S3,wPedo_step_frequency_std,0.021308867892694466,0.021308867892694466,404,actual_behavior,activity_pedo
S3,wPedo_step_std,0.021308867892694466,0.021308867892694466,404,actual_behavior,activity_pedo
S3,mActivity_m_activity_value_3_ratio,-0.020976851626414376,0.020976851626414376,450,actual_behavior,activity_code
S3,wLight_w_light_q99,0.018774013474541884,0.018774013474541884,414,actual_behavior,light
S3,wLight_w_light_zero_count,0.01713242146430066,0.01713242146430066,414,coverage_proxy,light
S3,wPedo_distance_std,0.017119242981415046,0.017119242981415046,404,actual_behavior,activity_pedo
S3,wPedo_speed_std,0.017119242981415046,0.017119242981415046,404,actual_behavior,activity_pedo
S3,mActivity_m_activity_value_7_ratio,-0.016385326867544375,0.016385326867544375,450,actual_behavior,activity_code
S3,wLight_w_light_max,0.015052683121914502,0.015052683121914502,414,actual_behavior,light
S3,mActivity_m_activity_value_8_count,0.014780312332600956,0.014780312332600956,450,actual_behavior,activity_code
S3,wLight_w_light_std,0.01331878648471173,0.01331878648471173,414,actual_behavior,light
S3,mActivity_m_activity_value_8_ratio,0.01194441915727906,0.01194441915727906,450,actual_behavior,activity_code
S3,mActivity_m_activity_value_7_count,-0.010969813942789949,0.010969813942789949,450,actual_behavior,activity_code
S3,mLight_m_light_q99,0.010074349193616664,0.010074349193616664,450,actual_behavior,light
S3,mScreenStatus_m_screen_use_value_1_count,0.009381278070765034,0.009381278070765034,450,actual_behavior,screen
S3,mActivity_m_activity_value_3_count,-0.005700711551713668,0.005700711551713668,450,actual_behavior,activity_code
S3,wPedo_burned_calories_q99,-0.005241971295164927,0.005241971295164927,404,actual_behavior,activity_pedo
S3,wPedo_distance_max,-0.003838648664299828,0.003838648664299828,404,actual_behavior,activity_pedo
S3,wPedo_speed_max,-0.003838648664299828,0.003838648664299828,404,actual_behavior,activity_pedo
S3,mScreenStatus_m_screen_use_value_0_ratio,-0.0036058405221549533,0.0036058405221549533,450,actual_behavior,screen
S3,mScreenStatus_m_screen_use_value_1_ratio,0.0036058405221549533,0.0036058405221549533,450,actual_behavior,screen
S3,mActivity_m_activity_value_1_ratio,-0.0031425724008148164,0.0031425724008148164,450,actual_behavior,activity_code
S3,wPedo_step_frequency_max,-0.003099159615726143,0.003099159615726143,404,actual_behavior,activity_pedo
S3,wPedo_step_max,-0.003099159615726143,0.003099159615726143,404,actual_behavior,activity_pedo
S3,mBle_m_ble_object_len_nonnull_count,-0.002883188208258073,0.002883188208258073,416,coverage_proxy,coverage_or_object_proxy
S3,mBle_m_ble_object_len_nonzero_count,-0.002883188208258073,0.002883188208258073,416,coverage_proxy,coverage_or_object_proxy
S3,mBle_m_ble_object_len_sum,-0.002883188208258073,0.002883188208258073,416,coverage_proxy,coverage_or_object_proxy
S3,mBle_row_count,-0.002883188208258073,0.002883188208258073,416,coverage_proxy,coverage_or_object_proxy
S3,mActivity_m_activity_value_4_count,-0.002696329729693922,0.002696329729693922,450,actual_behavior,activity_code
S3,mWifi_m_wifi_object_len_nonnull_count,0.002361539579954439,0.002361539579954439,439,coverage_proxy,coverage_or_object_proxy
S3,mWifi_m_wifi_object_len_nonzero_count,0.002361539579954439,0.002361539579954439,439,coverage_proxy,coverage_or_object_proxy
S3,mWifi_m_wifi_object_len_sum,0.002361539579954439,0.002361539579954439,439,coverage_proxy,coverage_or_object_proxy
S3,mWifi_row_count,0.002361539579954439,0.002361539579954439,439,coverage_proxy,coverage_or_object_proxy
S3,mActivity_m_activity_value_1_count,0.0016841036594015986,0.0016841036594015986,450,actual_behavior,activity_code
S4,mScreenStatus_m_screen_use_unique_count,0.12432474491990815,0.12432474491990815,450,coverage_proxy,screen
S4,mActivity_m_activity_value_0_ratio,0.1173025687332645,0.1173025687332645,450,actual_behavior,activity_code
S4,mActivity_m_activity_value_0_count,0.10454364746855176,0.10454364746855176,450,actual_behavior,activity_code
S4,wLight_w_light_q99,0.08848071106569134,0.08848071106569134,414,actual_behavior,light
S4,wLight_w_light_nonzero_count,0.08448347682376124,0.08448347682376124,414,coverage_proxy,light
S4,wLight_w_light_min,0.07865554728175136,0.07865554728175136,414,actual_behavior,light
S4,wLight_w_light_std,0.07744303258716083,0.07744303258716083,414,actual_behavior,light
S4,wLight_w_light_max,0.07107973559870247,0.07107973559870247,414,actual_behavior,light
S4,mActivity_m_activity_value_7_count,-0.06939346073696705,0.06939346073696705,450,actual_behavior,activity_code
S4,wLight_w_light_q75,-0.06428085939388051,0.06428085939388051,414,actual_behavior,light
S4,mScreenStatus_m_screen_use_value_1_count,-0.062338766434197244,0.062338766434197244,450,actual_behavior,screen
S4,mLight_m_light_min,0.06160236607183907,0.06160236607183907,450,actual_behavior,light
S4,wPedo_distance_q75,0.06142500261940149,0.06142500261940149,404,actual_behavior,activity_pedo
S4,wPedo_speed_q75,0.06142500261940149,0.06142500261940149,404,actual_behavior,activity_pedo
S4,mBle_m_ble_object_len_nonnull_count,-0.061423752244624034,0.061423752244624034,416,coverage_proxy,coverage_or_object_proxy
S4,mBle_m_ble_object_len_nonzero_count,-0.061423752244624034,0.061423752244624034,416,coverage_proxy,coverage_or_object_proxy
S4,mBle_m_ble_object_len_sum,-0.061423752244624034,0.061423752244624034,416,coverage_proxy,coverage_or_object_proxy
S4,mBle_row_count,-0.061423752244624034,0.061423752244624034,416,coverage_proxy,coverage_or_object_proxy
S4,wLight_w_light_sum,0.05915092979953437,0.05915092979953437,414,actual_behavior,light
S4,wPedo_burned_calories_max,-0.05806776383882687,0.05806776383882687,404,actual_behavior,activity_pedo
S4,wPedo_distance_q99,-0.05788110393303968,0.05788110393303968,404,actual_behavior,activity_pedo
S4,wPedo_speed_q99,-0.05788110393303968,0.05788110393303968,404,actual_behavior,activity_pedo
S4,mActivity_m_activity_value_7_ratio,-0.05286151568265127,0.05286151568265127,450,actual_behavior,activity_code
S4,wPedo_distance_std,-0.05182486682417493,0.05182486682417493,404,actual_behavior,activity_pedo
S4,wPedo_speed_std,-0.05182486682417493,0.05182486682417493,404,actual_behavior,activity_pedo
S4,mLight_m_light_median,0.0510394663384151,0.0510394663384151,450,actual_behavior,light
S4,wPedo_step_frequency_q75,0.049360814930988116,0.049360814930988116,404,actual_behavior,activity_pedo
S4,wPedo_step_q75,0.049360814930988116,0.049360814930988116,404,actual_behavior,activity_pedo
S4,wPedo_burned_calories_q95,-0.049180393802910616,0.049180393802910616,404,actual_behavior,activity_pedo
S4,mActivity_m_activity_value_4_count,-0.04910359728171664,0.04910359728171664,450,actual_behavior,activity_code
S4,mScreenStatus_m_screen_use_value_0_ratio,0.04815107374510644,0.04815107374510644,450,actual_behavior,screen
S4,mScreenStatus_m_screen_use_value_1_ratio,-0.04815107374510644,0.04815107374510644,450,actual_behavior,screen
S4,wPedo_step_frequency_std,-0.04795723535166968,0.04795723535166968,404,actual_behavior,activity_pedo
S4,wPedo_step_std,-0.04795723535166968,0.04795723535166968,404,actual_behavior,activity_pedo
S4,wPedo_step_frequency_q99,-0.047860885926562645,0.047860885926562645,404,actual_behavior,activity_pedo
S4,wPedo_step_q99,-0.047860885926562645,0.047860885926562645,404,actual_behavior,activity_pedo
S4,wLight_w_light_median,-0.04731539762134089,0.04731539762134089,414,actual_behavior,light
S4,wPedo_distance_q95,-0.046710467749738964,0.046710467749738964,404,actual_behavior,activity_pedo
S4,wPedo_speed_q95,-0.046710467749738964,0.046710467749738964,404,actual_behavior,activity_pedo
S4,wPedo_burned_calories_std,-0.045994974445000246,0.045994974445000246,404,actual_behavior,activity_pedo
S4,mLight_m_light_q95,0.04497907334522171,0.04497907334522171,450,actual_behavior,light
S4,mLight_m_light_q99,0.04393809350662748,0.04393809350662748,450,actual_behavior,light
S4,wPedo_distance_mean,-0.041814628438746164,0.041814628438746164,404,actual_behavior,activity_pedo
S4,wPedo_speed_mean,-0.041814628438746164,0.041814628438746164,404,actual_behavior,activity_pedo
S4,wPedo_burned_calories_q99,-0.04179598039170321,0.04179598039170321,404,actual_behavior,activity_pedo
S4,mLight_m_light_mean,0.039916312894953954,0.039916312894953954,450,actual_behavior,light
S4,wPedo_step_frequency_mean,-0.039672214786103645,0.039672214786103645,404,actual_behavior,activity_pedo
S4,wPedo_step_mean,-0.039672214786103645,0.039672214786103645,404,actual_behavior,activity_pedo
S4,wPedo_step_frequency_q95,-0.03961383116553825,0.03961383116553825,404,actual_behavior,activity_pedo
S4,wPedo_step_q95,-0.03961383116553825,0.03961383116553825,404,actual_behavior,activity_pedo
S4,wLight_w_light_mean,0.03710828216093447,0.03710828216093447,414,actual_behavior,light
S4,wLight_row_count,0.0356732666521324,0.0356732666521324,414,coverage_proxy,light
S4,wLight_w_light_nonnull_count,0.0356732666521324,0.0356732666521324,414,coverage_proxy,light
S4,wLight_w_light_q25,-0.03445848302873903,0.03445848302873903,414,actual_behavior,light
S4,mActivity_m_activity_value_3_ratio,0.03357177939095417,0.03357177939095417,450,actual_behavior,activity_code
S4,mACStatus_m_charging_unique_count,-0.03311902672705962,0.03311902672705962,450,coverage_proxy,charging
S4,mLight_m_light_q75,0.03036099900978482,0.03036099900978482,450,actual_behavior,light
S4,mWifi_m_wifi_object_len_nonnull_count,0.030145573671153995,0.030145573671153995,439,coverage_proxy,coverage_or_object_proxy
S4,mWifi_m_wifi_object_len_nonzero_count,0.030145573671153995,0.030145573671153995,439,coverage_proxy,coverage_or_object_proxy
S4,mWifi_m_wifi_object_len_sum,0.030145573671153995,0.030145573671153995,439,coverage_proxy,coverage_or_object_proxy
S4,mWifi_row_count,0.030145573671153995,0.030145573671153995,439,coverage_proxy,coverage_or_object_proxy
S4,mLight_m_light_sum,0.03014346065379345,0.03014346065379345,450,actual_behavior,light
S4,wPedo_distance_nonzero_count,0.029675362890110628,0.029675362890110628,404,coverage_proxy,activity_pedo
S4,wPedo_speed_nonzero_count,0.029675362890110628,0.029675362890110628,404,coverage_proxy,activity_pedo
S4,wPedo_step_frequency_nonzero_count,0.029675362890110628,0.029675362890110628,404,coverage_proxy,activity_pedo
S4,wPedo_step_nonzero_count,0.029675362890110628,0.029675362890110628,404,coverage_proxy,activity_pedo
S4,mACStatus_m_charging_value_1_count,-0.029538373834104868,0.029538373834104868,450,actual_behavior,charging
S4,mActivity_m_activity_unique_count,0.028993190784369786,0.028993190784369786,450,coverage_proxy,activity_code
S4,wLight_w_light_q95,0.02814864452837241,0.02814864452837241,414,actual_behavior,light
S4,mActivity_m_activity_value_1_ratio,0.028082961265516942,0.028082961265516942,450,actual_behavior,activity_code
S4,mActivity_m_activity_value_4_ratio,-0.02746010558442428,0.02746010558442428,450,actual_behavior,activity_code
S4,wPedo_burned_calories_mean,-0.026827670445810817,0.026827670445810817,404,actual_behavior,activity_pedo
S4,wPedo_distance_sum,-0.0266818889474247,0.0266818889474247,404,actual_behavior,activity_pedo
S4,wPedo_speed_sum,-0.0266818889474247,0.0266818889474247,404,actual_behavior,activity_pedo
S4,wPedo_distance_zero_count,-0.025839187051449785,0.025839187051449785,404,coverage_proxy,activity_pedo
S4,wPedo_speed_zero_count,-0.025839187051449785,0.025839187051449785,404,coverage_proxy,activity_pedo
S4,wPedo_step_frequency_zero_count,-0.025839187051449785,0.025839187051449785,404,coverage_proxy,activity_pedo
S4,wPedo_step_zero_count,-0.025839187051449785,0.025839187051449785,404,coverage_proxy,activity_pedo
S4,wPedo_burned_calories_sum,-0.025337945815648737,0.025337945815648737,404,actual_behavior,activity_pedo
S4,mACStatus_m_charging_value_0_ratio,0.025149425332890184,0.025149425332890184,450,actual_behavior,charging
S4,mACStatus_m_charging_value_1_ratio,-0.025149425332890184,0.025149425332890184,450,actual_behavior,charging
S4,mScreenStatus_m_screen_use_value_0_count,0.024810172040819298,0.024810172040819298,450,actual_behavior,screen
S4,mLight_m_light_nonnull_count,0.023381206113590097,0.023381206113590097,450,coverage_proxy,light
S4,mLight_row_count,0.023381206113590097,0.023381206113590097,450,coverage_proxy,light
S4,wPedo_burned_calories_zero_count,-0.02241402454463734,0.02241402454463734,404,coverage_proxy,activity_pedo
S4,mACStatus_m_charging_value_0_count,-0.022380674626765112,0.022380674626765112,450,actual_behavior,charging
S4,wPedo_step_frequency_sum,-0.0223284579343612,0.0223284579343612,404,actual_behavior,activity_pedo
S4,wPedo_step_sum,-0.0223284579343612,0.0223284579343612,404,actual_behavior,activity_pedo
S4,wPedo_burned_calories_nonnull_count,-0.020747209940098897,0.020747209940098897,404,coverage_proxy,activity_pedo
S4,wPedo_distance_nonnull_count,-0.020747209940098897,0.020747209940098897,404,coverage_proxy,activity_pedo
S4,wPedo_row_count,-0.020747209940098897,0.020747209940098897,404,coverage_proxy,activity_pedo
S4,wPedo_running_step_nonnull_count,-0.020747209940098897,0.020747209940098897,404,coverage_proxy,activity_pedo
S4,wPedo_running_step_zero_count,-0.020747209940098897,0.020747209940098897,404,coverage_proxy,activity_pedo
S4,wPedo_speed_nonnull_count,-0.020747209940098897,0.020747209940098897,404,coverage_proxy,activity_pedo
S4,wPedo_step_frequency_nonnull_count,-0.020747209940098897,0.020747209940098897,404,coverage_proxy,activity_pedo
S4,wPedo_step_nonnull_count,-0.020747209940098897,0.020747209940098897,404,coverage_proxy,activity_pedo
S4,wPedo_walking_step_nonnull_count,-0.020747209940098897,0.020747209940098897,404,coverage_proxy,activity_pedo
S4,wPedo_walking_step_zero_count,-0.020747209940098897,0.020747209940098897,404,coverage_proxy,activity_pedo
S4,wHr_heart_rate_object_len_nonnull_count,0.019103491530781818,0.019103491530781818,391,coverage_proxy,heart_rate
S4,wHr_heart_rate_object_len_nonzero_count,0.019103491530781818,0.019103491530781818,391,coverage_proxy,heart_rate
S4,wHr_heart_rate_object_len_sum,0.019103491530781818,0.019103491530781818,391,coverage_proxy,heart_rate
S4,wHr_row_count,0.019103491530781818,0.019103491530781818,391,coverage_proxy,heart_rate
S4,wPedo_burned_calories_nonzero_count,0.017371570858861034,0.017371570858861034,404,coverage_proxy,activity_pedo
S4,mActivity_m_activity_value_3_count,0.016766221407822645,0.016766221407822645,450,actual_behavior,activity_code
S4,mLight_m_light_q25,-0.015993356661050114,0.015993356661050114,450,actual_behavior,light
S4,mACStatus_m_charging_nonnull_count,-0.015459446244715536,0.015459446244715536,450,coverage_proxy,charging
S4,mACStatus_row_count,-0.015459446244715536,0.015459446244715536,450,coverage_proxy,charging
S4,mActivity_m_activity_value_1_count,0.014914576296559585,0.014914576296559585,450,actual_behavior,activity_code
S4,mScreenStatus_m_screen_use_nonnull_count,0.013716055106479181,0.013716055106479181,450,coverage_proxy,screen
S4,mScreenStatus_row_count,0.013716055106479181,0.013716055106479181,450,coverage_proxy,screen
S4,mLight_m_light_std,0.013326040989846768,0.013326040989846768,450,actual_behavior,light
S4,mLight_m_light_nonzero_count,-0.01300169154030951,0.01300169154030951,450,coverage_proxy,light
S4,wLight_w_light_zero_count,-0.012594962635295194,0.012594962635295194,414,coverage_proxy,light
S4,mActivity_m_activity_value_8_count,0.01144866257183926,0.01144866257183926,450,actual_behavior,activity_code
S4,mActivity_m_activity_value_8_ratio,0.010595481127756037,0.010595481127756037,450,actual_behavior,activity_code
S4,mGps_m_gps_object_len_nonnull_count,0.008113546990163744,0.008113546990163744,425,coverage_proxy,coverage_or_object_proxy
S4,mGps_m_gps_object_len_nonzero_count,0.008113546990163744,0.008113546990163744,425,coverage_proxy,coverage_or_object_proxy
S4,mGps_m_gps_object_len_sum,0.008113546990163744,0.008113546990163744,425,coverage_proxy,coverage_or_object_proxy
S4,mGps_row_count,0.008113546990163744,0.008113546990163744,425,coverage_proxy,coverage_or_object_proxy
S4,wPedo_step_frequency_max,0.006415350755737521,0.006415350755737521,404,actual_behavior,activity_pedo
S4,wPedo_step_max,0.006415350755737521,0.006415350755737521,404,actual_behavior,activity_pedo
S4,mUsageStats_m_usage_stats_object_len_nonnull_count,-0.006354996992416867,0.006354996992416867,440,coverage_proxy,app_usage
S4,mUsageStats_m_usage_stats_object_len_nonzero_count,-0.006354996992416867,0.006354996992416867,440,coverage_proxy,app_usage
S4,mUsageStats_m_usage_stats_object_len_sum,-0.006354996992416867,0.006354996992416867,440,coverage_proxy,app_usage
S4,mUsageStats_row_count,-0.006354996992416867,0.006354996992416867,440,coverage_proxy,app_usage
S4,mLight_m_light_zero_count,-0.0049473599881501625,0.0049473599881501625,450,coverage_proxy,light
S4,mActivity_m_activity_nonnull_count,-0.0034873196765460527,0.0034873196765460527,450,coverage_proxy,activity_code
S4,mActivity_row_count,-0.0034873196765460527,0.0034873196765460527,450,coverage_proxy,activity_code
S4,wPedo_burned_calories_q75,0.0034317453320376295,0.0034317453320376295,404,actual_behavior,activity_pedo
S4,mLight_m_light_max,0.003089646884273668,0.003089646884273668,450,actual_behavior,light
S4,wPedo_distance_max,0.0025305717072884827,0.0025305717072884827,404,actual_behavior,activity_pedo
S4,wPedo_speed_max,0.0025305717072884827,0.0025305717072884827,404,actual_behavior,activity_pedo
S4,mAmbience_m_ambience_object_len_nonnull_count,-0.0012128048025658712,0.0012128048025658712,450,coverage_proxy,coverage_or_object_proxy
S4,mAmbience_m_ambience_object_len_nonzero_count,-0.0012128048025658712,0.0012128048025658712,450,coverage_proxy,coverage_or_object_proxy
S4,mAmbience_m_ambience_object_len_sum,-0.0012128048025658712,0.0012128048025658712,450,coverage_proxy,coverage_or_object_proxy
S4,mAmbience_row_count,-0.0012128048025658712,0.0012128048025658712,450,coverage_proxy,coverage_or_object_proxy
